File_Acc,Library_Acc,Experiment_Acc,Correlation
ENCFF001GWV,ENCLB978XJK,ENCSR000DPM,0.8865801507478528
ENCFF001GWW,ENCLB746XGY,ENCSR000DPM,0.8734140150429138
ENCFF370QHR,ENCLB149XWT,ENCSR037GKL,0.9329429996527194
ENCFF283CKT,ENCLB149XWT,ENCSR037GKL,0.9379425700297068
ENCFF280ZTK,ENCLB968HCM,ENCSR037GKL,0.7560971469322915
ENCFF990VRH,ENCLB968HCM,ENCSR037GKL,0.6595777989732453
ENCFF751THU,ENCLB750TGR,ENCSR966OUM,0.9423487404334674
ENCFF946GLV,ENCLB750TGR,ENCSR966OUM,0.9387194771912863
ENCFF249BRN,ENCLB750TGR,ENCSR966OUM,0.9383954403995307
ENCFF872ZRR,ENCLB604QJK,ENCSR966OUM,0.1656823659655453
ENCFF619CML,ENCLB604QJK,ENCSR966OUM,0.7506498172603272
ENCFF075VNL,ENCLB604QJK,ENCSR966OUM,0.9419875269515424
ENCFF181ZXL,ENCLB604QJK,ENCSR966OUM,0.9404584694532666
ENCFF108SZV,ENCLB931CII,ENCSR587KPW,0.9369435493588785
ENCFF178CMY,ENCLB931CII,ENCSR587KPW,0.9394325081010463
ENCFF832MLU,ENCLB812DBP,ENCSR587KPW,-0.2441328538395689
ENCFF893CZG,ENCLB812DBP,ENCSR587KPW,0.9413703480238756
ENCFF396XUZ,ENCLB812DBP,ENCSR587KPW,0.27099331585298836
ENCFF327VLS,ENCLB812DBP,ENCSR587KPW,0.7695913066672504
ENCFF977QAN,ENCLB812DBP,ENCSR587KPW,0.9429904631332027
ENCFF262DRC,ENCLB523YDM,ENCSR932XBJ,0.9217590836642136
ENCFF170WYW,ENCLB523YDM,ENCSR932XBJ,0.9242665214817919
ENCFF721FAU,ENCLB523YDM,ENCSR932XBJ,0.9260728506906186
ENCFF650EEY,ENCLB523YDM,ENCSR932XBJ,0.9257014107891184
ENCFF033ZGR,ENCLB198NBV,ENCSR932XBJ,0.9269409965899823
ENCFF168EBN,ENCLB198NBV,ENCSR932XBJ,0.9290765764134361
ENCFF011XXT,ENCLB198NBV,ENCSR932XBJ,0.9249951537049745
ENCFF309EDA,ENCLB897YQD,ENCSR341OQG,0.940364610864211
ENCFF335WHB,ENCLB897YQD,ENCSR341OQG,0.937603432586448
ENCFF424FTI,ENCLB897YQD,ENCSR341OQG,0.9364886364744027
ENCFF458KCH,ENCLB897YQD,ENCSR341OQG,0.9369271238779511
ENCFF279RJT,ENCLB088XOY,ENCSR341OQG,0.9380985214352418
ENCFF587JXK,ENCLB088XOY,ENCSR341OQG,0.13929796955809773
ENCFF337CQI,ENCLB088XOY,ENCSR341OQG,0.9408245424855988
ENCFF500TQS,ENCLB088XOY,ENCSR341OQG,0.14027700010667493
ENCFF000BQY,ENCLB695ABJ,ENCSR000ALA,0.8977435842032259
ENCFF001HKO,ENCLB095XQH,ENCSR000DTF,0.9209362849082102
ENCFF007QNS,ENCLB808LCF,ENCSR560BUE,0.9492878580893837
ENCFF197EAD,ENCLB950AHW,ENCSR560BUE,0.9454033756870016
ENCFF155HGW,ENCLB899WFA,ENCSR193SZD,0.9491851266851893
ENCFF135ZRI,ENCLB899WFA,ENCSR193SZD,0.9473557907723226
ENCFF963WCM,ENCLB899WFA,ENCSR193SZD,0.9479039944048021
ENCFF239FAR,ENCLB899WFA,ENCSR193SZD,0.9516529280171708
ENCFF071ZCM,ENCLB231XXI,ENCSR193SZD,0.952024480682243
ENCFF068HES,ENCLB231XXI,ENCSR193SZD,0.9514128709363615
ENCFF392CDD,ENCLB231XXI,ENCSR193SZD,0.9530841404225874
ENCFF520HBX,ENCLB231XXI,ENCSR193SZD,0.954246560294229
ENCFF664XVK,ENCLB155OHR,ENCSR575WYM,0.9152346944891167
ENCFF045VXR,ENCLB155OHR,ENCSR575WYM,0.9288158136823259
ENCFF300XVE,ENCLB155OHR,ENCSR575WYM,0.0005442028018528681
ENCFF996PRM,ENCLB155OHR,ENCSR575WYM,0.9199398118690381
ENCFF418ERL,ENCLB432WXI,ENCSR575WYM,0.910078837863534
ENCFF171MWH,ENCLB432WXI,ENCSR575WYM,0.9118801839940117
ENCFF356UCS,ENCLB644OJY,ENCSR232OFD,0.9360330856837836
ENCFF899QUC,ENCLB644OJY,ENCSR232OFD,0.6901766876781751
ENCFF264YSI,ENCLB727RRO,ENCSR232OFD,0.9227588898377135
ENCFF405NZO,ENCLB727RRO,ENCSR232OFD,0.9181063726107401
ENCFF807VCZ,ENCLB556YLF,ENCSR232OFD,0.920458957847346
ENCFF344CIH,ENCLB556YLF,ENCSR232OFD,0.921709115924103
ENCFF935XGB,ENCLB803ZCP,ENCSR984IUE,0.9274963115073998
ENCFF915AXB,ENCLB803ZCP,ENCSR984IUE,0.9305653839379646
ENCFF135ICN,ENCLB803ZCP,ENCSR984IUE,0.9271208258121801
ENCFF500ENF,ENCLB940IPT,ENCSR984IUE,0.9311659964216796
ENCFF098VVD,ENCLB940IPT,ENCSR984IUE,0.9283682440835576
ENCFF399QDR,ENCLB940IPT,ENCSR984IUE,0.9283067658825186
ENCFF942WPY,ENCLB940IPT,ENCSR984IUE,0.9299885029204094
ENCFF000ROA,ENCLB987DXY,ENCSR000DKR,0.9180407070999175
ENCFF000ROC,ENCLB271JKR,ENCSR000DKR,0.9301230788866135
ENCFF356FDX,ENCLB088CNW,ENCSR876UZD,0.9379128283638339
ENCFF030MGP,ENCLB720ZNQ,ENCSR876UZD,0.9397596238738479
ENCFF915BLC,ENCLB144PAB,ENCSR876UZD,0.9355250036091803
ENCFF471HPJ,ENCLB830TBV,ENCSR852BLA,-0.18532222064235643
ENCFF346UXE,ENCLB830TBV,ENCSR852BLA,-0.07526914783695418
ENCFF727BAT,ENCLB830TBV,ENCSR852BLA,-0.2854137187080004
ENCFF586KSM,ENCLB830TBV,ENCSR852BLA,0.7046230958011972
ENCFF850TFJ,ENCLB464OZE,ENCSR852BLA,0.335708700963422
ENCFF404KND,ENCLB464OZE,ENCSR852BLA,0.7686312304449168
ENCFF592DZQ,ENCLB464OZE,ENCSR852BLA,0.7041011770392547
ENCFF465RQK,ENCLB464OZE,ENCSR852BLA,-0.23967147804312708
ENCFF648TDW,ENCLB919TGA,ENCSR378KET,0.29269289890016903
ENCFF118PUQ,ENCLB919TGA,ENCSR378KET,0.9090355028474999
ENCFF421HRO,ENCLB017UIU,ENCSR378KET,0.9123156001795905
ENCFF135CGX,ENCLB017UIU,ENCSR378KET,0.911030429467826
ENCFF262NTK,ENCLB905FQX,ENCSR676LDQ,0.8999286035460675
ENCFF100VTB,ENCLB905FQX,ENCSR676LDQ,0.898129668225772
ENCFF890XCH,ENCLB905FQX,ENCSR676LDQ,0.9016225541443891
ENCFF086OKN,ENCLB107BVD,ENCSR676LDQ,0.90580278022266
ENCFF001HNG,ENCLB963PNN,ENCSR000DTW,0.9426603578869728
ENCFF001HMV,ENCLB504ZNX,ENCSR000DTW,0.9487934604146218
ENCFF001HWU,ENCLB662ZQJ,ENCSR000DXD,0.9494891262391488
ENCFF001HWL,ENCLB422LJT,ENCSR000DXD,0.9326733545777904
ENCFF744MMY,ENCLB784SIJ,ENCSR680WMF,0.8852998177747846
ENCFF359PVW,ENCLB784SIJ,ENCSR680WMF,0.8825414938878172
ENCFF312JAQ,ENCLB784SIJ,ENCSR680WMF,0.8819547808762138
ENCFF881EEK,ENCLB446KLT,ENCSR680WMF,0.8850921453847774
ENCFF762ZFU,ENCLB446KLT,ENCSR680WMF,0.8831739712065778
ENCFF000RYN,ENCLB013JSV,ENCSR000DMH,0.9000100550553561
ENCFF000RYL,ENCLB086PQG,ENCSR000DMH,0.8880782435563318
ENCFF528HSP,ENCLB875LST,ENCSR466TNQ,0.9286136385601101
ENCFF828YQM,ENCLB875LST,ENCSR466TNQ,0.9238261072689373
ENCFF697FIF,ENCLB875LST,ENCSR466TNQ,0.9239571741105923
ENCFF243VFT,ENCLB787MRS,ENCSR466TNQ,0.7380021954271351
ENCFF010DRY,ENCLB787MRS,ENCSR466TNQ,0.9262363212881451
ENCFF692RFJ,ENCLB787MRS,ENCSR466TNQ,0.9307885714436472
ENCFF000MYJ,ENCLB559JZH,ENCSR000BHW,0.9485488931456223
ENCFF000ONR,ENCLB559JKV,ENCSR000BNH,0.9651346096565785
ENCFF000OOF,ENCLB559JKU,ENCSR000BNH,0.8345158034368038
ENCFF980XBB,ENCLB145QXI,ENCSR343RJH,0.9186885490386051
ENCFF230TYN,ENCLB145QXI,ENCSR343RJH,0.9197234063370744
ENCFF286MVJ,ENCLB145QXI,ENCSR343RJH,0.9171128527235567
ENCFF686LFV,ENCLB145QXI,ENCSR343RJH,0.9175056622154386
ENCFF565WPN,ENCLB585DLF,ENCSR343RJH,0.9095430745089564
ENCFF373LXJ,ENCLB585DLF,ENCSR343RJH,0.910942261258955
ENCFF466CIQ,ENCLB585DLF,ENCSR343RJH,0.9089425782359056
ENCFF790TTQ,ENCLB585DLF,ENCSR343RJH,0.9089241061387939
ENCFF447YZD,ENCLB562QJE,ENCSR343RJH,0.9198573346794379
ENCFF907YPT,ENCLB562QJE,ENCSR343RJH,0.9135933294210158
ENCFF507DQN,ENCLB562QJE,ENCSR343RJH,0.9135023842706896
ENCFF652BKB,ENCLB957YPG,ENCSR343RJH,0.92630641144419
ENCFF612JME,ENCLB957YPG,ENCSR343RJH,0.1735685259658568
ENCFF415MHW,ENCLB957YPG,ENCSR343RJH,0.9136632180923299
ENCFF925GRX,ENCLB957YPG,ENCSR343RJH,0.9067739571535065
ENCFF000RUJ,ENCLB509TSV,ENCSR000DLS,0.912680125400333
ENCFF000RUI,ENCLB386GPQ,ENCSR000DLS,0.8872623703146097
ENCFF001HCC,ENCLB963KYV,ENCSR000DRB,0.9517516918346992
ENCFF001HBV,ENCLB887FIG,ENCSR000DRB,0.9378553997988882
ENCFF422FEZ,ENCLB300QQQ,ENCSR684PGO,0.9227796189436964
ENCFF642XZR,ENCLB300QQQ,ENCSR684PGO,0.9287625744521905
ENCFF407ARY,ENCLB921IMZ,ENCSR684PGO,0.922673381289853
ENCFF921XAB,ENCLB921IMZ,ENCSR684PGO,0.9233777004552853
ENCFF001HTP,ENCLB637AIR,ENCSR000DWE,0.9466605673082845
ENCFF001HTO,ENCLB160TGW,ENCSR000DWE,0.9351672051762705
ENCFF001HQZ,ENCLB851JWD,ENCSR000DVA,0.9450969441994284
ENCFF001HRA,ENCLB977MXL,ENCSR000DVA,0.9463209445032275
ENCFF792WPD,ENCLB990PPD,ENCSR211AFA,0.9028225527629405
ENCFF061RZK,ENCLB990PPD,ENCSR211AFA,0.905302128240628
ENCFF239TSY,ENCLB990PPD,ENCSR211AFA,0.9048621760311936
ENCFF039EBN,ENCLB990PPD,ENCSR211AFA,0.9049031687897873
ENCFF968WGL,ENCLB800YNM,ENCSR211AFA,0.9033254856039492
ENCFF969SWJ,ENCLB800YNM,ENCSR211AFA,0.9036986783770556
ENCFF604ERM,ENCLB500FGN,ENCSR756URL,0.9476577772374092
ENCFF442EWW,ENCLB500FGN,ENCSR756URL,0.9457881757768306
ENCFF735URH,ENCLB714ISJ,ENCSR756URL,0.9462400930060183
ENCFF972JNT,ENCLB714ISJ,ENCSR756URL,0.9459927827815752
ENCFF579BBU,ENCLB450KML,ENCSR611HGB,0.92067524189198
ENCFF717DRR,ENCLB450KML,ENCSR611HGB,0.9233132974946038
ENCFF307IXQ,ENCLB450KML,ENCSR611HGB,0.9242253627742103
ENCFF938PHN,ENCLB450KML,ENCSR611HGB,0.9234833587409603
ENCFF967DUU,ENCLB005KKW,ENCSR611HGB,0.9212303640424443
ENCFF950UAU,ENCLB005KKW,ENCSR611HGB,0.918900656583627
ENCFF722TRV,ENCLB005KKW,ENCSR611HGB,0.9207812478978098
ENCFF462EAR,ENCLB005KKW,ENCSR611HGB,0.9209396893543969
ENCFF675IQI,ENCLB755CET,ENCSR463XCZ,0.9229133348070171
ENCFF338XKC,ENCLB755CET,ENCSR463XCZ,0.9220261139019956
ENCFF367WOE,ENCLB780WGF,ENCSR463XCZ,0.9244293021589389
ENCFF891YCE,ENCLB400ZUJ,ENCSR705DNM,0.922614628382665
ENCFF221PZN,ENCLB400ZUJ,ENCSR705DNM,0.9199850864042666
ENCFF262WTB,ENCLB400ZUJ,ENCSR705DNM,0.9208813596026184
ENCFF712VNU,ENCLB400ZUJ,ENCSR705DNM,0.923556530028033
ENCFF853BKS,ENCLB522OOE,ENCSR705DNM,0.9108765474103268
ENCFF311ANX,ENCLB622UEX,ENCSR705DNM,0.9328689489885315
ENCFF045VTQ,ENCLB622UEX,ENCSR705DNM,0.9313864119456396
ENCFF083GZK,ENCLB622UEX,ENCSR705DNM,0.9302965083437472
ENCFF119RPB,ENCLB622UEX,ENCSR705DNM,0.934081229122137
ENCFF905QDE,ENCLB469TFP,ENCSR355PMV,0.7299944585896425
ENCFF535BYA,ENCLB469TFP,ENCSR355PMV,0.9467090514286606
ENCFF046OFO,ENCLB469TFP,ENCSR355PMV,0.9445215451436927
ENCFF312EPF,ENCLB232PXP,ENCSR355PMV,0.9349396546569924
ENCFF263ZZF,ENCLB232PXP,ENCSR355PMV,0.9355461246580906
ENCFF754KJE,ENCLB232PXP,ENCSR355PMV,0.9391525085716332
ENCFF000CFV,ENCLB695AFV,ENCSR000AOO,0.9174186048467069
ENCFF000CFW,ENCLB695AFW,ENCSR000AOO,0.943308145467824
ENCFF000RRR,ENCLB067PGA,ENCSR000DLG,0.9394647239368757
ENCFF000RRS,ENCLB677PYM,ENCSR000DLG,0.9446395361745192
ENCFF512KCI,ENCLB776PLP,ENCSR967BSF,0.8995170468353398
ENCFF696MBJ,ENCLB776PLP,ENCSR967BSF,0.8921329085697985
ENCFF458IFM,ENCLB612PXJ,ENCSR967BSF,0.7240737324697415
ENCFF948KDP,ENCLB612PXJ,ENCSR967BSF,0.7734652265091478
ENCFF905EFM,ENCLB612PXJ,ENCSR967BSF,0.8030324253891014
ENCFF420VKZ,ENCLB947VVT,ENCSR967BSF,0.9141878303134063
ENCFF068TWU,ENCLB947VVT,ENCSR967BSF,0.9142465863810567
ENCFF514GOP,ENCLB947VVT,ENCSR967BSF,0.9202658757251575
ENCFF940BVB,ENCLB947VVT,ENCSR967BSF,0.9125341965733088
ENCFF080EUV,ENCLB248QLQ,ENCSR094PSL,0.9173961775978761
ENCFF018YQF,ENCLB248QLQ,ENCSR094PSL,0.9160287096287454
ENCFF954PVT,ENCLB248QLQ,ENCSR094PSL,0.9169738484784449
ENCFF062OKA,ENCLB002OCB,ENCSR094PSL,0.9167959984486472
ENCFF681LAM,ENCLB002OCB,ENCSR094PSL,0.9161517656307754
ENCFF523MRI,ENCLB002OCB,ENCSR094PSL,0.9165187313374537
ENCFF848HLR,ENCLB002OCB,ENCSR094PSL,0.9151401250647736
ENCFF576KWW,ENCLB414UFR,ENCSR369RRE,0.8961911207923602
ENCFF922WTS,ENCLB414UFR,ENCSR369RRE,0.896797023169688
ENCFF648DXS,ENCLB414UFR,ENCSR369RRE,0.898989129568864
ENCFF856ULN,ENCLB414UFR,ENCSR369RRE,0.9006985052642936
ENCFF252JED,ENCLB152SYF,ENCSR369RRE,0.900694003757784
ENCFF821NTR,ENCLB152SYF,ENCSR369RRE,0.9006914972958282
ENCFF218GYV,ENCLB152SYF,ENCSR369RRE,0.9022244609579618
ENCFF803KJT,ENCLB152SYF,ENCSR369RRE,0.9020684563873324
ENCFF001HJH,ENCLB337OOQ,ENCSR000DSU,0.9385895564607946
ENCFF001HJI,ENCLB386TSZ,ENCSR000DSU,0.9319341471399443
ENCFF817NLG,ENCLB855SQL,ENCSR164ASX,0.9311890033842334
ENCFF606GNW,ENCLB855SQL,ENCSR164ASX,0.9316199845239588
ENCFF827WWZ,ENCLB458ESB,ENCSR164ASX,0.921814775942131
ENCFF949VBH,ENCLB458ESB,ENCSR164ASX,0.9253029056972136
ENCFF144JAM,ENCLB458ESB,ENCSR164ASX,0.9243164038790569
ENCFF723DDC,ENCLB502UUI,ENCSR666JEF,0.7274498572666139
ENCFF199ZII,ENCLB502UUI,ENCSR666JEF,0.7588851988679828
ENCFF517BBS,ENCLB502UUI,ENCSR666JEF,0.621516138242498
ENCFF189IMW,ENCLB502UUI,ENCSR666JEF,0.6975331659038929
ENCFF000RXX,ENCLB889CJU,ENCSR000DMF,0.9213613913327156
ENCFF000RYB,ENCLB842YXB,ENCSR000DMF,0.9260059821838421
ENCFF001HIV,ENCLB638QKU,ENCSR000DSZ,0.9291777502083318
ENCFF001HJE,ENCLB555CIC,ENCSR000DSZ,0.9088341385694689
ENCFF001GYP,ENCLB122IIC,ENCSR000DPV,0.8826568001880954
ENCFF001GYQ,ENCLB117QMX,ENCSR000DPV,0.9135278323536482
ENCFF002ACW,ENCLB881BYS,ENCSR125DKL,0.9524411280947066
ENCFF217DNX,ENCLB536NOC,ENCSR847OSL,0.8948855349495485
ENCFF697MNU,ENCLB536NOC,ENCSR847OSL,0.8932190463005819
ENCFF493ARL,ENCLB318ETY,ENCSR847OSL,0.8897756506719692
ENCFF728XEF,ENCLB318ETY,ENCSR847OSL,0.8908918988003451
ENCFF920BFB,ENCLB318ETY,ENCSR847OSL,0.8903804516313689
ENCFF443TSR,ENCLB773XVE,ENCSR107GWZ,0.16117064320550534
ENCFF580PGM,ENCLB773XVE,ENCSR107GWZ,0.16130598061984858
ENCFF509AJD,ENCLB773XVE,ENCSR107GWZ,0.15684612543789803
ENCFF205PRY,ENCLB773XVE,ENCSR107GWZ,0.16122698809911637
ENCFF171NZD,ENCLB848VBL,ENCSR107GWZ,0.16267399417520745
ENCFF532MZL,ENCLB848VBL,ENCSR107GWZ,0.1594932590910093
ENCFF001HNT,ENCLB045XWU,ENCSR000DUG,0.9325330316704995
ENCFF001HNU,ENCLB697GFU,ENCSR000DUG,0.9623016461923268
ENCFF000SDG,ENCLB138KOL,ENCSR000DND,0.9490198021717843
ENCFF000SDQ,ENCLB967UKM,ENCSR000DND,0.9352364344358545
ENCFF001HRL,ENCLB538WRF,ENCSR000DVH,0.9530649953870726
ENCFF119WTV,ENCLB039DUD,ENCSR408ZEE,-0.3947574433353903
ENCFF420ACV,ENCLB035IAJ,ENCSR408ZEE,-0.06960369550583224
ENCFF781OMB,ENCLB035IAJ,ENCSR408ZEE,-0.02678898691102932
ENCFF681LQF,ENCLB227QDO,ENCSR954MUZ,0.14717072267202244
ENCFF286YSA,ENCLB227QDO,ENCSR954MUZ,0.14210777791812146
ENCFF815OMC,ENCLB353BZE,ENCSR954MUZ,0.14779529958440984
ENCFF199GYT,ENCLB353BZE,ENCSR954MUZ,0.1424813281866402
ENCFF000RNB,ENCLB605WML,ENCSR000DKN,0.9534229245003947
ENCFF020MGY,ENCLB963GPC,ENCSR089NBS,0.9325483955446027
ENCFF940ZZX,ENCLB963GPC,ENCSR089NBS,0.9322569260768339
ENCFF652KKJ,ENCLB963GPC,ENCSR089NBS,0.9323194508284289
ENCFF518VBO,ENCLB963GPC,ENCSR089NBS,0.9358008314302403
ENCFF727FYJ,ENCLB348JST,ENCSR089NBS,0.934040302217511
ENCFF387XGA,ENCLB348JST,ENCSR089NBS,0.9299963422083061
ENCFF533XQF,ENCLB348JST,ENCSR089NBS,0.9290717548911969
ENCFF399OXY,ENCLB200LVJ,ENCSR778ZPK,0.9384084512546845
ENCFF863BWR,ENCLB200LVJ,ENCSR778ZPK,0.9350825244205455
ENCFF681YPZ,ENCLB200LVJ,ENCSR778ZPK,0.937047745316772
ENCFF911VTL,ENCLB200LVJ,ENCSR778ZPK,0.9397914937078053
ENCFF690YAT,ENCLB113UJK,ENCSR778ZPK,0.9396638559910434
ENCFF738RAG,ENCLB113UJK,ENCSR778ZPK,0.9422268278139746
ENCFF393BZI,ENCLB113UJK,ENCSR778ZPK,0.9392202280881263
ENCFF994XEJ,ENCLB113UJK,ENCSR778ZPK,0.9392337421963473
ENCFF998EIR,ENCLB809QWR,ENCSR291YNH,0.9394284258980026
ENCFF056SZR,ENCLB809QWR,ENCSR291YNH,0.9374883410733421
ENCFF774ACP,ENCLB809QWR,ENCSR291YNH,0.9407093824380489
ENCFF254IOZ,ENCLB809QWR,ENCSR291YNH,0.9403774047544944
ENCFF505LCS,ENCLB565WMV,ENCSR291YNH,0.944768564395408
ENCFF426PQB,ENCLB565WMV,ENCSR291YNH,0.943651757355319
ENCFF000CCY,ENCLB695AAA,ENCSR000ATN,0.9326429582229433
ENCFF033PDS,ENCLB357MRH,ENCSR568IVD,0.943620938053821
ENCFF520UIS,ENCLB896TDF,ENCSR568IVD,0.9424330229133352
ENCFF648MLH,ENCLB896TDF,ENCSR568IVD,0.9454112348143084
ENCFF861WPS,ENCLB065DVC,ENCSR857RJQ,0.9405772443738144
ENCFF056JNV,ENCLB065DVC,ENCSR857RJQ,0.9385055997720118
ENCFF682AOT,ENCLB872PQX,ENCSR857RJQ,0.9446099899682726
ENCFF608GCT,ENCLB872PQX,ENCSR857RJQ,0.9420315482801485
ENCFF694IKR,ENCLB601KYC,ENCSR901NIN,0.9352486758166484
ENCFF198MCV,ENCLB601KYC,ENCSR901NIN,0.9384287721331569
ENCFF335TJR,ENCLB601KYC,ENCSR901NIN,0.9406708827445942
ENCFF274PTS,ENCLB601KYC,ENCSR901NIN,0.936520645473819
ENCFF246NHV,ENCLB449AKL,ENCSR901NIN,0.9310624720824939
ENCFF545ZWU,ENCLB449AKL,ENCSR901NIN,0.9310193339422203
ENCFF455EUA,ENCLB449AKL,ENCSR901NIN,0.33531190429257424
ENCFF903FRH,ENCLB449AKL,ENCSR901NIN,0.2504599196874144
ENCFF000SAK,ENCLB454HYZ,ENCSR000DMO,0.16918544237177724
ENCFF000SAL,ENCLB104XBK,ENCSR000DMO,0.039768961122437614
ENCFF001HFU,ENCLB024MKR,ENCSR000DRN,0.9541480017331333
ENCFF001HFQ,ENCLB364AJF,ENCSR000DRN,0.9361394560118671
ENCFF001HPM,ENCLB269VXN,ENCSR000DUS,0.934205460342889
ENCFF041UKL,ENCLB703OBD,ENCSR038VWU,0.05673470320149536
ENCFF890PFH,ENCLB703OBD,ENCSR038VWU,0.7912269086817211
ENCFF807JQB,ENCLB125XSZ,ENCSR038VWU,-0.15600125658153072
ENCFF686QWF,ENCLB125XSZ,ENCSR038VWU,-0.16445023676938575
ENCFF371TDK,ENCLB125XSZ,ENCSR038VWU,0.7575490029782092
ENCFF988YXU,ENCLB125XSZ,ENCSR038VWU,-0.23201700238216524
ENCFF071BCK,ENCLB994JYV,ENCSR785YRL,0.8637845615863421
ENCFF953USV,ENCLB994JYV,ENCSR785YRL,0.8597891247895817
ENCFF146LUA,ENCLB659FNH,ENCSR785YRL,0.8672376860180675
ENCFF414LTY,ENCLB659FNH,ENCSR785YRL,0.8698382148841236
ENCFF629SRK,ENCLB898RWE,ENCSR851SOK,0.91487279433999
ENCFF371SLF,ENCLB232BAX,ENCSR447ANW,0.7155358906710014
ENCFF770BTH,ENCLB232BAX,ENCSR447ANW,0.9354973375614702
ENCFF691YRB,ENCLB232BAX,ENCSR447ANW,0.9311982168764027
ENCFF685RPI,ENCLB892HAV,ENCSR068DJS,0.9210216419480363
ENCFF810VEP,ENCLB892HAV,ENCSR068DJS,0.9208711846720314
ENCFF260ODA,ENCLB917NNS,ENCSR173IEA,0.94621955429977
ENCFF200PSY,ENCLB683MOK,ENCSR173IEA,0.9240151463752923
ENCFF001HOE,ENCLB909ZHR,ENCSR000DUH,0.9440082427146693
ENCFF141ZBD,ENCLB567HDW,ENCSR374PKX,0.9207774708245324
ENCFF744HGD,ENCLB567HDW,ENCSR374PKX,0.9246910550553414
ENCFF023MCP,ENCLB835IVU,ENCSR607XFI,0.940114493121459
ENCFF186EUH,ENCLB600FCA,ENCSR607XFI,0.9406518377956031
ENCFF465CCL,ENCLB872CYR,ENCSR073TPC,0.9282828872369469
ENCFF437SNB,ENCLB473DVO,ENCSR073TPC,0.9323001780424993
ENCFF000BHI,ENCLB695AKR,ENCSR000ALV,0.9598934413242969
ENCFF236WZV,ENCLB774TZC,ENCSR834XPX,0.9316191989404806
ENCFF564JQX,ENCLB774TZC,ENCSR834XPX,0.9294627004972054
ENCFF832UQO,ENCLB774TZC,ENCSR834XPX,0.9289434426545274
ENCFF568LOI,ENCLB774TZC,ENCSR834XPX,0.9298437179048218
ENCFF656SIY,ENCLB683HUL,ENCSR834XPX,0.9292492929978836
ENCFF397EBY,ENCLB683HUL,ENCSR834XPX,0.9271478519334916
ENCFF025YKJ,ENCLB683HUL,ENCSR834XPX,0.9287695131649739
ENCFF641ALY,ENCLB683HUL,ENCSR834XPX,0.9263213730203532
ENCFF566LFO,ENCLB869CAM,ENCSR932ZMX,0.17443453800857278
ENCFF668WZE,ENCLB612TAV,ENCSR875NEW,0.9334982652012772
ENCFF357NIW,ENCLB612TAV,ENCSR875NEW,0.9308353155014739
ENCFF000CMM,ENCLB695AHO,ENCSR000ALJ,0.9561009429717852
ENCFF000CMF,ENCLB695AHN,ENCSR000ALJ,0.9137795926593429
ENCFF000CMG,ENCLB695AHM,ENCSR000ALJ,0.8956082586049559
ENCFF000CQU,ENCLB695AMO,ENCSR000ANO,0.9314264300468642
ENCFF000CQV,ENCLB695AMN,ENCSR000ANO,0.9199736318555872
ENCFF954WCC,ENCLB666MOZ,ENCSR105KGD,0.9197276013319745
ENCFF190YVK,ENCLB666MOZ,ENCSR105KGD,0.9191690702653458
ENCFF162MHV,ENCLB666MOZ,ENCSR105KGD,0.9153656391899611
ENCFF083QEJ,ENCLB666MOZ,ENCSR105KGD,0.9163486475445404
ENCFF632GJB,ENCLB572QDN,ENCSR105KGD,0.9220700541513426
ENCFF210YLR,ENCLB572QDN,ENCSR105KGD,0.9212287508316636
ENCFF942KTL,ENCLB572QDN,ENCSR105KGD,0.9206651653212854
ENCFF826WUE,ENCLB559YNL,ENCSR840EYN,0.9437486260087011
ENCFF108PQW,ENCLB559YNL,ENCSR840EYN,0.9415952039344585
ENCFF414YMA,ENCLB392AWA,ENCSR840EYN,0.9457843335278417
ENCFF455DGT,ENCLB392AWA,ENCSR840EYN,0.9407056694716526
ENCFF359ULQ,ENCLB392AWA,ENCSR840EYN,0.9430877722270186
ENCFF046MQD,ENCLB392AWA,ENCSR840EYN,0.9438511068720763
ENCFF386KUJ,ENCLB497IQD,ENCSR323ZAP,0.9198348708643409
ENCFF655BET,ENCLB497IQD,ENCSR323ZAP,0.9203758478460423
ENCFF100KIA,ENCLB497IQD,ENCSR323ZAP,0.9233746366572678
ENCFF545OQT,ENCLB199TYD,ENCSR323ZAP,0.9206717184700258
ENCFF276VHG,ENCLB199TYD,ENCSR323ZAP,0.9211159317795283
ENCFF725GXM,ENCLB199TYD,ENCSR323ZAP,0.922381138111659
ENCFF164XTQ,ENCLB199TYD,ENCSR323ZAP,0.9215189278650201
ENCFF422DIW,ENCLB110JHX,ENCSR806WWX,0.9326299054592383
ENCFF230BHJ,ENCLB110JHX,ENCSR806WWX,0.9344528372433238
ENCFF809QWC,ENCLB110JHX,ENCSR806WWX,0.9349694799831804
ENCFF976LSE,ENCLB110JHX,ENCSR806WWX,0.9341221760215193
ENCFF599YZY,ENCLB524XTI,ENCSR806WWX,0.9123645178899374
ENCFF806ORB,ENCLB524XTI,ENCSR806WWX,0.9150616333120731
ENCFF570VIT,ENCLB736CJR,ENCSR350NBQ,0.9366970282714734
ENCFF693HLX,ENCLB736CJR,ENCSR350NBQ,0.9336082099939723
ENCFF423QYZ,ENCLB870YBH,ENCSR350NBQ,0.9372168900892077
ENCFF351GCF,ENCLB622RIN,ENCSR359LOD,0.9579943273097105
ENCFF762UTU,ENCLB307YSC,ENCSR608WPS,0.943709147740542
ENCFF988AVD,ENCLB307YSC,ENCSR608WPS,0.9423016315011482
ENCFF983SRB,ENCLB307YSC,ENCSR608WPS,0.9416512091181917
ENCFF793EDU,ENCLB307YSC,ENCSR608WPS,0.9388914039412752
ENCFF611THW,ENCLB563HLI,ENCSR608WPS,0.9410882697513208
ENCFF392JML,ENCLB563HLI,ENCSR608WPS,0.9432114725483125
ENCFF799NKP,ENCLB563HLI,ENCSR608WPS,0.9410524424050666
ENCFF394TLC,ENCLB563HLI,ENCSR608WPS,0.9414034342952825
ENCFF115BZM,ENCLB218FNU,ENCSR608WPS,0.9494728009285649
ENCFF862PPU,ENCLB218SFI,ENCSR608WPS,0.942458576220945
ENCFF944QTE,ENCLB218SFI,ENCSR608WPS,0.9424138478730681
ENCFF739KQP,ENCLB391WTJ,ENCSR961SKY,0.8983099975356521
ENCFF053EJS,ENCLB391WTJ,ENCSR961SKY,0.8985376740148026
ENCFF044UYK,ENCLB391WTJ,ENCSR961SKY,0.8977333294070864
ENCFF895YNG,ENCLB391WTJ,ENCSR961SKY,0.8997603652530549
ENCFF915AIE,ENCLB093NLU,ENCSR961SKY,0.9109354673041788
ENCFF923MKJ,ENCLB093NLU,ENCSR961SKY,0.9099682347988899
ENCFF057QIL,ENCLB093NLU,ENCSR961SKY,0.9129341798930545
ENCFF640MTY,ENCLB081GHN,ENCSR961SKY,0.8870294617653435
ENCFF345LVW,ENCLB081GHN,ENCSR961SKY,0.8905765687859769
ENCFF422NGK,ENCLB081GHN,ENCSR961SKY,0.8945865070428987
ENCFF551WGT,ENCLB081GHN,ENCSR961SKY,0.8864007893464128
ENCFF002AXG,ENCLB938OTD,ENCSR464DKE,0.8010091900552889
ENCFF002ATZ,ENCLB415QBM,ENCSR464DKE,0.959223321959778
ENCFF831LBE,ENCLB900KJE,ENCSR163ULN,0.9280674485206298
ENCFF781ZPY,ENCLB900KJE,ENCSR163ULN,0.9269933657128392
ENCFF722NMA,ENCLB900KJE,ENCSR163ULN,0.9282276419977494
ENCFF107ILP,ENCLB900KJE,ENCSR163ULN,0.9281313499995594
ENCFF748HUZ,ENCLB116TZY,ENCSR163ULN,0.9293046084328597
ENCFF850WAT,ENCLB116TZY,ENCSR163ULN,0.930691035578705
ENCFF165UXD,ENCLB116TZY,ENCSR163ULN,0.9308197416508581
ENCFF847UIO,ENCLB116TZY,ENCSR163ULN,0.9296935582832322
ENCFF134NRR,ENCLB802TBU,ENCSR163ULN,0.9245573873400664
ENCFF903WSZ,ENCLB802TBU,ENCSR163ULN,0.9213133384808989
ENCFF024DOG,ENCLB802TBU,ENCSR163ULN,0.9211639728149361
ENCFF240RQJ,ENCLB802TBU,ENCSR163ULN,0.9209362898952287
ENCFF225DXA,ENCLB760DAE,ENCSR163ULN,0.9235186209614651
ENCFF596TPI,ENCLB760DAE,ENCSR163ULN,0.9224464554749912
ENCFF370VKY,ENCLB760DAE,ENCSR163ULN,0.9249042462176202
ENCFF149XCQ,ENCLB684DFS,ENCSR378BVM,0.9135789587415942
ENCFF363LSM,ENCLB684DFS,ENCSR378BVM,0.9122230139795254
ENCFF642BPT,ENCLB684DFS,ENCSR378BVM,0.9119770042015047
ENCFF982AGY,ENCLB427XEX,ENCSR378BVM,0.9149592960972063
ENCFF420WBU,ENCLB427XEX,ENCSR378BVM,0.9130814276504516
ENCFF015LXK,ENCLB187NNV,ENCSR979PTL,0.9122307097023443
ENCFF742YUO,ENCLB350SJN,ENCSR979PTL,0.2665746697470535
ENCFF920TZH,ENCLB350SJN,ENCSR979PTL,0.9073484900954947
ENCFF309EQQ,ENCLB350SJN,ENCSR979PTL,0.9114289831956398
ENCFF114WEA,ENCLB350SJN,ENCSR979PTL,0.9309773851856629
ENCFF857UQN,ENCLB403JEA,ENCSR979PTL,0.8979244649807542
ENCFF618YTK,ENCLB403JEA,ENCSR979PTL,0.8990424840384135
ENCFF469PPY,ENCLB403JEA,ENCSR979PTL,0.8977171871607722
ENCFF872AIW,ENCLB405UOM,ENCSR361KVZ,0.9177964226238723
ENCFF708OMP,ENCLB405UOM,ENCSR361KVZ,0.9228102175479277
ENCFF635ZZT,ENCLB555OYJ,ENCSR361KVZ,0.9251395825016502
ENCFF217MGU,ENCLB555OYJ,ENCSR361KVZ,0.91937683214983
ENCFF228CWL,ENCLB977AZM,ENCSR793YAD,0.9377731499217644
ENCFF421OBI,ENCLB173UHP,ENCSR793YAD,0.9399215120388369
ENCFF198ONU,ENCLB173UHP,ENCSR793YAD,0.931562707950178
ENCFF000MYE,ENCLB559JNL,ENCSR000BHV,0.9472036713061605
ENCFF000MYG,ENCLB559JNK,ENCSR000BHV,0.9570818961685125
ENCFF859OTA,ENCLB224VVI,ENCSR699BRV,0.9021828898410033
ENCFF373JFH,ENCLB224VVI,ENCSR699BRV,0.2909878588326575
ENCFF345RKF,ENCLB224VVI,ENCSR699BRV,0.90226349149478
ENCFF213RSG,ENCLB224VVI,ENCSR699BRV,0.8998283129518256
ENCFF065RWY,ENCLB909LWX,ENCSR699BRV,0.8974918428124649
ENCFF839STE,ENCLB909LWX,ENCSR699BRV,0.8997591874505321
ENCFF451UFH,ENCLB909LWX,ENCSR699BRV,0.8992828983006214
ENCFF168BBF,ENCLB909LWX,ENCSR699BRV,0.8994890022777994
ENCFF529XZV,ENCLB411XFP,ENCSR432AXE,0.9299275987719247
ENCFF563ZOF,ENCLB917QHD,ENCSR432AXE,0.9317919254429933
ENCFF001HNI,ENCLB996UXR,ENCSR000DUB,0.9492097360416756
ENCFF001HNP,ENCLB390WHR,ENCSR000DUB,0.9346503598149108
ENCFF344KYL,ENCLB925HKY,ENCSR402IDP,0.9116599685247457
ENCFF908KEB,ENCLB925HKY,ENCSR402IDP,0.9472433605622687
ENCFF582BLP,ENCLB636JTM,ENCSR402IDP,0.9435715535458933
ENCFF619APA,ENCLB901ZOX,ENCSR979ZEO,0.15894992395102753
ENCFF088LJF,ENCLB901ZOX,ENCSR979ZEO,0.15966768634260436
ENCFF417OND,ENCLB137JDC,ENCSR979ZEO,0.9374010257626285
ENCFF509LYP,ENCLB137JDC,ENCSR979ZEO,0.9364448378775796
ENCFF673XGR,ENCLB569CWY,ENCSR871MKQ,0.9533513431966539
ENCFF044QUF,ENCLB569CWY,ENCSR871MKQ,0.9551341374853239
ENCFF650QQD,ENCLB569CWY,ENCSR871MKQ,0.9558904086404331
ENCFF123JRH,ENCLB569CWY,ENCSR871MKQ,0.9557602548761057
ENCFF692VWK,ENCLB025JJO,ENCSR871MKQ,0.3329596017472321
ENCFF752SXC,ENCLB025JJO,ENCSR871MKQ,0.9592286425101096
ENCFF623REV,ENCLB025JJO,ENCSR871MKQ,0.9525283794641604
ENCFF464PSG,ENCLB025JJO,ENCSR871MKQ,0.9607633619821342
ENCFF999ETO,ENCLB978FBZ,ENCSR871MKQ,0.949397277462781
ENCFF214TYJ,ENCLB978FBZ,ENCSR871MKQ,0.9484235976659229
ENCFF201VLY,ENCLB978FBZ,ENCSR871MKQ,0.9501394995324529
ENCFF666LMS,ENCLB978FBZ,ENCSR871MKQ,0.9497555392466055
ENCFF466PMQ,ENCLB862VLL,ENCSR871MKQ,0.9573939363997984
ENCFF141EJY,ENCLB862VLL,ENCSR871MKQ,0.9590524636028268
ENCFF446TUF,ENCLB862VLL,ENCSR871MKQ,0.9522954695058264
ENCFF145MFS,ENCLB862VLL,ENCSR871MKQ,0.32160865579191134
ENCFF696VTU,ENCLB887ADQ,ENCSR871MKQ,0.9562433447037921
ENCFF386DMG,ENCLB887ADQ,ENCSR871MKQ,0.9548556065922821
ENCFF092DOC,ENCLB887ADQ,ENCSR871MKQ,0.9600162531155126
ENCFF070ZQG,ENCLB887ADQ,ENCSR871MKQ,0.2685217348417204
ENCFF784DIC,ENCLB825PNC,ENCSR275JVX,0.9103206491004989
ENCFF437HFS,ENCLB843CTQ,ENCSR275JVX,0.9160109953814402
ENCFF460PEK,ENCLB843CTQ,ENCSR275JVX,0.9159185569573728
ENCFF392JTW,ENCLB843CTQ,ENCSR275JVX,0.9157243125602778
ENCFF615DYG,ENCLB843CTQ,ENCSR275JVX,0.9155993861598061
ENCFF193FLJ,ENCLB068BME,ENCSR542SCB,0.7850141385261548
ENCFF411BGX,ENCLB068BME,ENCSR542SCB,0.20064589412206751
ENCFF851HMF,ENCLB019YTQ,ENCSR542SCB,0.7217601915218376
ENCFF560KNN,ENCLB155CMY,ENCSR907BES,0.001835760833623532
ENCFF720GMK,ENCLB155CMY,ENCSR907BES,0.255380694809727
ENCFF218NMF,ENCLB155CMY,ENCSR907BES,0.24952489368503702
ENCFF821ZDP,ENCLB155CMY,ENCSR907BES,0.6849666622274752
ENCFF038DUW,ENCLB155CMY,ENCSR907BES,0.9394151065944805
ENCFF095ZXW,ENCLB883XHG,ENCSR907BES,0.024822925247068247
ENCFF218LAW,ENCLB883XHG,ENCSR907BES,0.7661836188547257
ENCFF356UQE,ENCLB651KNW,ENCSR907BES,0.7825782957279452
ENCFF925HKJ,ENCLB651KNW,ENCSR907BES,0.938930103515494
ENCFF089JPL,ENCLB651KNW,ENCSR907BES,0.735674307609871
ENCFF641QWF,ENCLB140POX,ENCSR230ORT,0.3111421636595845
ENCFF024RGC,ENCLB140POX,ENCSR230ORT,0.7495937356531502
ENCFF044PFA,ENCLB601XIH,ENCSR230ORT,-0.007004273745972406
ENCFF001HXT,ENCLB061VDM,ENCSR000DXQ,0.9243150141222661
ENCFF001HXU,ENCLB792XJD,ENCSR000DXQ,0.9232685657242602
ENCFF000BWR,ENCLB695ADO,ENCSR000AKO,0.9338029926415359
ENCFF000BWM,ENCLB695ADN,ENCSR000AKO,0.9261432414535694
ENCFF304CLR,ENCLB298JAF,ENCSR376EOW,0.9285675280359201
ENCFF505SOW,ENCLB298JAF,ENCSR376EOW,0.9301845724365977
ENCFF429UKI,ENCLB298JAF,ENCSR376EOW,0.9277358967462269
ENCFF800VRU,ENCLB268HBA,ENCSR376EOW,0.9319309100302199
ENCFF697IEL,ENCLB268HBA,ENCSR376EOW,0.9316083031357539
ENCFF081UCC,ENCLB291MKS,ENCSR934GQS,0.9032687589163602
ENCFF897KGX,ENCLB291MKS,ENCSR934GQS,0.9047746992339902
ENCFF931RMG,ENCLB291MKS,ENCSR934GQS,0.8992466647126042
ENCFF460JMP,ENCLB291MKS,ENCSR934GQS,0.89728037768896
ENCFF341ZRE,ENCLB896PPZ,ENCSR934GQS,0.14355573123365806
ENCFF246VIZ,ENCLB120MLU,ENCSR332WTG,0.9221396466983816
ENCFF854WNH,ENCLB120MLU,ENCSR332WTG,0.9213285393767744
ENCFF170JSW,ENCLB120MLU,ENCSR332WTG,0.9199599067785533
ENCFF490MSQ,ENCLB120MLU,ENCSR332WTG,0.9223974265371583
ENCFF746PXN,ENCLB452YEA,ENCSR332WTG,0.9155549178697
ENCFF125TSG,ENCLB452YEA,ENCSR332WTG,0.9191511808376082
ENCFF703PNV,ENCLB452YEA,ENCSR332WTG,0.9168085037042378
ENCFF905YLG,ENCLB452YEA,ENCSR332WTG,0.31053062109153334
ENCFF661JFT,ENCLB778HBT,ENCSR133AFF,0.9226756866065721
ENCFF333LIC,ENCLB778HBT,ENCSR133AFF,0.92138681010622
ENCFF841FYD,ENCLB778HBT,ENCSR133AFF,0.9205335690156355
ENCFF495NDN,ENCLB778HBT,ENCSR133AFF,0.9204769143896623
ENCFF778TUK,ENCLB517WBJ,ENCSR133AFF,0.9269109013833592
ENCFF840RPV,ENCLB517WBJ,ENCSR133AFF,0.31047950751704384
ENCFF594MZI,ENCLB517WBJ,ENCSR133AFF,0.924755508843761
ENCFF043ZQG,ENCLB517WBJ,ENCSR133AFF,0.9215897533670059
ENCFF000OYZ,ENCLB559JQQ,ENCSR000BSE,0.7000107544003328
ENCFF000OZC,ENCLB559JQP,ENCSR000BSE,0.02504853921524398
ENCFF111YPG,ENCLB040CQJ,ENCSR031PXV,0.9418370515054713
ENCFF331ARF,ENCLB040CQJ,ENCSR031PXV,0.9398504379033324
ENCFF171CNG,ENCLB040CQJ,ENCSR031PXV,0.9391642768941765
ENCFF390OBY,ENCLB781OKL,ENCSR031PXV,0.9279512995699304
ENCFF320TRK,ENCLB781OKL,ENCSR031PXV,0.9259772338406702
ENCFF693PMO,ENCLB781OKL,ENCSR031PXV,0.16629862416827834
ENCFF895TEG,ENCLB781OKL,ENCSR031PXV,0.9250674156947759
ENCFF001HXB,ENCLB624RWD,ENCSR000DXI,0.9105522427766541
ENCFF001HXA,ENCLB828TFE,ENCSR000DXI,0.9299250839752848
ENCFF440JTY,ENCLB144RMB,ENCSR225KOS,0.9308172578386483
ENCFF849LTS,ENCLB144RMB,ENCSR225KOS,0.9271509974737332
ENCFF986GZX,ENCLB144RMB,ENCSR225KOS,0.9254333945967328
ENCFF220KXG,ENCLB144RMB,ENCSR225KOS,0.9284767027972077
ENCFF740SIV,ENCLB486XZU,ENCSR225KOS,0.9340643804481993
ENCFF997ACL,ENCLB486XZU,ENCSR225KOS,0.9352659201769042
ENCFF510CGV,ENCLB486XZU,ENCSR225KOS,0.9353626000934238
ENCFF248QTX,ENCLB486XZU,ENCSR225KOS,0.9347138230343782
ENCFF000VUW,ENCLB209ABM,ENCSR000DZN,0.9552046692134815
ENCFF000VUU,ENCLB209ABS,ENCSR000DZN,0.9545814273876879
ENCFF000AVS,ENCLB695AEA,ENCSR000AMF,0.8974211921047565
ENCFF000AVU,ENCLB695ATC,ENCSR000AMF,0.9518920860751467
ENCFF578YHY,ENCLB137HYM,ENCSR300WOR,0.8983157407704612
ENCFF365SKE,ENCLB137HYM,ENCSR300WOR,0.8974899099462215
ENCFF300PCQ,ENCLB137HYM,ENCSR300WOR,0.8995939126087518
ENCFF482IFA,ENCLB137HYM,ENCSR300WOR,0.8994786105516507
ENCFF952YWG,ENCLB736GAY,ENCSR300WOR,-0.06145442882536141
ENCFF156GHR,ENCLB736GAY,ENCSR300WOR,0.28695914097516073
ENCFF571LLR,ENCLB736GAY,ENCSR300WOR,0.9079033097638337
ENCFF000SAY,ENCLB708NHR,ENCSR000DMR,0.7247062121283525
ENCFF000SAX,ENCLB507POH,ENCSR000DMR,0.7256518036941477
ENCFF001HPZ,ENCLB906ZLW,ENCSR000DUU,0.9105308658458723
ENCFF001HPY,ENCLB027LHT,ENCSR000DUU,0.9198333056122561
ENCFF000RHF,ENCLB559JXH,ENCSR000BNO,0.8598565990432091
ENCFF000RHD,ENCLB559JXI,ENCSR000BNO,0.7162905116308139
ENCFF287IBA,ENCLB893QXK,ENCSR298ZPF,0.9037852625719479
ENCFF227FDM,ENCLB893QXK,ENCSR298ZPF,0.9052576559811019
ENCFF001HKV,ENCLB094NFZ,ENCSR000DTI,0.9212848510954609
ENCFF001HKU,ENCLB979ZVE,ENCSR000DTI,0.9286905172789408
ENCFF504XVN,ENCLB918FKM,ENCSR255SQR,0.914006595301074
ENCFF582VZB,ENCLB918FKM,ENCSR255SQR,0.9163033801758381
ENCFF396ZFZ,ENCLB918FKM,ENCSR255SQR,0.9122882844510669
ENCFF442IFC,ENCLB918FKM,ENCSR255SQR,0.9200358511779106
ENCFF649HIX,ENCLB477QKW,ENCSR255SQR,0.9136188188687817
ENCFF508TFC,ENCLB477QKW,ENCSR255SQR,0.9125464336485618
ENCFF198QUH,ENCLB477QKW,ENCSR255SQR,0.915187886121064
ENCFF321HPL,ENCLB477QKW,ENCSR255SQR,0.9131235636183622
ENCFF137VYP,ENCLB380MYK,ENCSR261VAS,0.731349839752873
ENCFF968YZD,ENCLB830DOQ,ENCSR261VAS,0.9435242360588113
ENCFF001HUW,ENCLB666XYY,ENCSR000DWN,0.9330869694250196
ENCFF755LDE,ENCLB916VAO,ENCSR555DCD,0.9434701798406616
ENCFF041TOY,ENCLB386VDZ,ENCSR068HEE,0.9155836914582688
ENCFF137KWS,ENCLB386VDZ,ENCSR068HEE,0.9128515439771391
ENCFF882RMU,ENCLB386VDZ,ENCSR068HEE,0.9116418444075852
ENCFF476FQX,ENCLB386VDZ,ENCSR068HEE,0.9126539286135197
ENCFF913UOV,ENCLB951UFA,ENCSR068HEE,0.9315934098448053
ENCFF568YCY,ENCLB951UFA,ENCSR068HEE,0.9331901133684996
ENCFF906SSR,ENCLB951UFA,ENCSR068HEE,0.9332216755435859
ENCFF986MDU,ENCLB951UFA,ENCSR068HEE,0.9314690802915231
ENCFF882WHY,ENCLB534KAZ,ENCSR068HEE,0.31835622032316474
ENCFF359MYU,ENCLB534KAZ,ENCSR068HEE,0.9308549522785696
ENCFF677WJX,ENCLB534KAZ,ENCSR068HEE,0.9327075300926575
ENCFF015TPJ,ENCLB534KAZ,ENCSR068HEE,0.9320587401719482
ENCFF166NJR,ENCLB191KSM,ENCSR068HEE,0.9153884620610692
ENCFF533RON,ENCLB191KSM,ENCSR068HEE,0.9142364443269074
ENCFF352CIP,ENCLB191KSM,ENCSR068HEE,0.9149865438862985
ENCFF792KFN,ENCLB577SRS,ENCSR351SWL,0.8839884145498843
ENCFF340ZML,ENCLB577SRS,ENCSR351SWL,0.88192337816962
ENCFF024AMO,ENCLB577SRS,ENCSR351SWL,0.8803254628528138
ENCFF784WPU,ENCLB222DOV,ENCSR351SWL,0.9062428824860043
ENCFF249QNU,ENCLB222DOV,ENCSR351SWL,0.9107726144219106
ENCFF500PST,ENCLB222DOV,ENCSR351SWL,0.9084128804026941
ENCFF225HPO,ENCLB353XUU,ENCSR351SWL,0.8842413686456341
ENCFF947FUL,ENCLB353XUU,ENCSR351SWL,0.8808388289051701
ENCFF229PHS,ENCLB353XUU,ENCSR351SWL,0.8857784749209516
ENCFF261BUP,ENCLB380TBI,ENCSR351SWL,0.89980521790868
ENCFF195LUG,ENCLB380TBI,ENCSR351SWL,0.9014388582210395
ENCFF903GZI,ENCLB380TBI,ENCSR351SWL,0.9003599095395292
ENCFF715YXV,ENCLB380TBI,ENCSR351SWL,0.9012974057267439
ENCFF441KKC,ENCLB102NCQ,ENCSR073BPG,0.9182195273951245
ENCFF654XLP,ENCLB102NCQ,ENCSR073BPG,0.9184298072790648
ENCFF358MQE,ENCLB102NCQ,ENCSR073BPG,0.9195784551528254
ENCFF584FYX,ENCLB102NCQ,ENCSR073BPG,0.9198162564718478
ENCFF041JCV,ENCLB087NZJ,ENCSR073BPG,0.9117555910667047
ENCFF398DKO,ENCLB087NZJ,ENCSR073BPG,0.9144708549058072
ENCFF053MLM,ENCLB087NZJ,ENCSR073BPG,0.9144242308762124
ENCFF896VZQ,ENCLB087NZJ,ENCSR073BPG,0.9119667218905291
ENCFF001HVJ,ENCLB761GCS,ENCSR000DWQ,0.9255516965586739
ENCFF001HVA,ENCLB372NFI,ENCSR000DWQ,0.9322421901766283
ENCFF479OKY,ENCLB874JQN,ENCSR398RET,0.9473414732971475
ENCFF229AJP,ENCLB874JQN,ENCSR398RET,0.9466065401295881
ENCFF109SED,ENCLB874JQN,ENCSR398RET,0.9453550013175288
ENCFF862WJT,ENCLB874JQN,ENCSR398RET,0.9467929832570151
ENCFF041NSQ,ENCLB455RTU,ENCSR398RET,0.9442596588746739
ENCFF512DEM,ENCLB455RTU,ENCSR398RET,0.9465334436921303
ENCFF249MDZ,ENCLB455RTU,ENCSR398RET,0.9437069104372316
ENCFF728GXE,ENCLB455RTU,ENCSR398RET,0.9468566830382785
ENCFF378VLK,ENCLB124SMZ,ENCSR398RET,0.9544317979688927
ENCFF580DKI,ENCLB124SMZ,ENCSR398RET,0.9544750866464563
ENCFF355SNF,ENCLB124SMZ,ENCSR398RET,0.9544967870487538
ENCFF826TAL,ENCLB284MEB,ENCSR398RET,0.9495375311251313
ENCFF842GJN,ENCLB284MEB,ENCSR398RET,0.9517643810761275
ENCFF128DIA,ENCLB284MEB,ENCSR398RET,0.950808424232372
ENCFF953HQU,ENCLB284MEB,ENCSR398RET,0.9497874120837939
ENCFF808BXU,ENCLB586GQC,ENCSR237BTA,0.897235067932567
ENCFF927RWV,ENCLB586GQC,ENCSR237BTA,0.8977712165456131
ENCFF458MRD,ENCLB586GQC,ENCSR237BTA,0.897834233033274
ENCFF658SNE,ENCLB586GQC,ENCSR237BTA,0.9024670131223539
ENCFF566RWK,ENCLB701QQB,ENCSR237BTA,0.8985513989303875
ENCFF604OVY,ENCLB701QQB,ENCSR237BTA,0.8973072517321059
ENCFF567LJL,ENCLB701QQB,ENCSR237BTA,0.9037637938595169
ENCFF666EAR,ENCLB701QQB,ENCSR237BTA,0.9000439338070296
ENCFF622OJU,ENCLB651VSF,ENCSR930SOT,0.902710408741439
ENCFF286YSZ,ENCLB651VSF,ENCSR930SOT,0.9044754828154753
ENCFF206DCI,ENCLB651VSF,ENCSR930SOT,0.20374638058490738
ENCFF924IKG,ENCLB651VSF,ENCSR930SOT,0.9194317987228545
ENCFF249DMZ,ENCLB588QYZ,ENCSR930SOT,0.22169757483899288
ENCFF554DBX,ENCLB588QYZ,ENCSR930SOT,0.9392725616055937
ENCFF786PHI,ENCLB588QYZ,ENCSR930SOT,0.9396633372678909
ENCFF630TQW,ENCLB927FNL,ENCSR930SOT,0.9398685307717989
ENCFF035OFR,ENCLB927FNL,ENCSR930SOT,0.9400650180425291
ENCFF913EVO,ENCLB927FNL,ENCSR930SOT,0.9380853653918386
ENCFF665UVO,ENCLB927FNL,ENCSR930SOT,0.9407528348528805
ENCFF524CNI,ENCLB282JDI,ENCSR930SOT,0.9080790260782491
ENCFF249HNO,ENCLB282JDI,ENCSR930SOT,0.9095923739120989
ENCFF083FCK,ENCLB282JDI,ENCSR930SOT,0.907651476751082
ENCFF756VIP,ENCLB282JDI,ENCSR930SOT,0.9101441451385147
ENCFF000RXS,ENCLB392DHD,ENCSR000DME,0.921591348913219
ENCFF000RXO,ENCLB699TYF,ENCSR000DME,0.9447171030208656
ENCFF551NRO,ENCLB232SNY,ENCSR473DVS,0.9383732406545215
ENCFF288IJO,ENCLB232SNY,ENCSR473DVS,0.9399641109088113
ENCFF176BBV,ENCLB232SNY,ENCSR473DVS,0.7640370284783787
ENCFF371WKX,ENCLB232SNY,ENCSR473DVS,0.9441819516341508
ENCFF237ZIG,ENCLB293JMQ,ENCSR473DVS,0.16575594889789325
ENCFF835ZTN,ENCLB293JMQ,ENCSR473DVS,0.7262064763480333
ENCFF329YSC,ENCLB293JMQ,ENCSR473DVS,0.9408684601048225
ENCFF004CTS,ENCLB293JMQ,ENCSR473DVS,0.6979521106685769
ENCFF599QHB,ENCLB786VJR,ENCSR724YTA,0.9029691224241996
ENCFF150GTK,ENCLB786VJR,ENCSR724YTA,0.9003960461552722
ENCFF623AXF,ENCLB786VJR,ENCSR724YTA,0.9009559795932279
ENCFF701YZU,ENCLB786VJR,ENCSR724YTA,0.900847736754126
ENCFF821OKY,ENCLB195CGD,ENCSR724YTA,0.8962193773330335
ENCFF401WPF,ENCLB195CGD,ENCSR724YTA,0.9006105694221584
ENCFF305JSV,ENCLB195CGD,ENCSR724YTA,0.9012866221645556
ENCFF283GPJ,ENCLB195CGD,ENCSR724YTA,0.9033998895086329
ENCFF634LYE,ENCLB985HTA,ENCSR446FOM,0.9467960844509732
ENCFF310AZS,ENCLB985HTA,ENCSR446FOM,0.9465247751118868
ENCFF856VJO,ENCLB985HTA,ENCSR446FOM,0.9494366444968694
ENCFF541XUO,ENCLB985HTA,ENCSR446FOM,0.946222751167318
ENCFF880NTK,ENCLB674LOP,ENCSR446FOM,0.9471655269590942
ENCFF255YUW,ENCLB674LOP,ENCSR446FOM,0.9477748814637147
ENCFF273QXI,ENCLB674LOP,ENCSR446FOM,0.9488054897598496
ENCFF701UFM,ENCLB162QFA,ENCSR218MVT,0.9416108065167961
ENCFF180PMN,ENCLB162QFA,ENCSR218MVT,0.11349973003051994
ENCFF378EQD,ENCLB249DUN,ENCSR218MVT,0.939839274280949
ENCFF376WAI,ENCLB249DUN,ENCSR218MVT,0.9387695470293898
ENCFF547IOK,ENCLB249DUN,ENCSR218MVT,0.9392392863553068
ENCFF541KZL,ENCLB024GDW,ENCSR218MVT,0.9412624062684611
ENCFF224SFV,ENCLB024GDW,ENCSR218MVT,0.9410158897088738
ENCFF218BHF,ENCLB981IZJ,ENCSR218MVT,0.9472588599516201
ENCFF751QMX,ENCLB994WNC,ENCSR270KFY,0.9155148331519203
ENCFF999RXD,ENCLB249LFX,ENCSR270KFY,0.9099957960611416
ENCFF464SDP,ENCLB249LFX,ENCSR270KFY,0.9102271219270135
ENCFF182EEB,ENCLB249LFX,ENCSR270KFY,0.9116196044124563
ENCFF823DRC,ENCLB249LFX,ENCSR270KFY,0.9118658977456721
ENCFF654WGN,ENCLB624PYB,ENCSR585JVS,0.9325796867393193
ENCFF840NPS,ENCLB624PYB,ENCSR585JVS,0.9346096116974923
ENCFF477CVI,ENCLB624PYB,ENCSR585JVS,0.9320125187991207
ENCFF457SBF,ENCLB548SAC,ENCSR585JVS,0.26106003835399466
ENCFF230HVK,ENCLB548SAC,ENCSR585JVS,0.9308599552032969
ENCFF346TOR,ENCLB548SAC,ENCSR585JVS,0.9315813956930543
ENCFF408UKK,ENCLB942FVP,ENCSR689VEF,0.9414399083134783
ENCFF553HXS,ENCLB942FVP,ENCSR689VEF,0.9423604833698137
ENCFF997NPD,ENCLB449ICV,ENCSR125NBL,0.9319065794468119
ENCFF342XVP,ENCLB054TGL,ENCSR125NBL,0.9310960399243761
ENCFF717KPM,ENCLB525MCC,ENCSR125NBL,0.9535486292383648
ENCFF355MGX,ENCLB798IPZ,ENCSR450DXU,0.9382243671015582
ENCFF919ZFF,ENCLB798IPZ,ENCSR450DXU,0.9416689860178548
ENCFF014IWX,ENCLB798IPZ,ENCSR450DXU,0.9378353908647189
ENCFF111CLX,ENCLB600SSH,ENCSR450DXU,0.9431478930019274
ENCFF653IMU,ENCLB600SSH,ENCSR450DXU,0.9356709575856459
ENCFF525TEK,ENCLB600SSH,ENCSR450DXU,0.9406313831349151
ENCFF080XXP,ENCLB600SSH,ENCSR450DXU,0.9398642131548791
ENCFF001HLW,ENCLB114ORS,ENCSR000DTO,0.9299122784310813
ENCFF001HLV,ENCLB725BIP,ENCSR000DTO,0.9347935901890241
ENCFF740HRS,ENCLB295CIW,ENCSR300DWM,0.9327768286897851
ENCFF604GCQ,ENCLB428ZGS,ENCSR300DWM,0.9287181241076854
ENCFF783MCC,ENCLB428ZGS,ENCSR300DWM,0.26253733011876024
ENCFF038IAQ,ENCLB428ZGS,ENCSR300DWM,0.9307690384073342
ENCFF265EPR,ENCLB460BLL,ENCSR300DWM,0.9360332889545094
ENCFF783PRJ,ENCLB869ZSI,ENCSR300DWM,0.9319718889365727
ENCFF263GRF,ENCLB869ZSI,ENCSR300DWM,0.9324750388235042
ENCFF414LEL,ENCLB869ZSI,ENCSR300DWM,0.9311988606431046
ENCFF992BII,ENCLB378OHH,ENCSR300DWM,0.9357574372193888
ENCFF314POZ,ENCLB378OHH,ENCSR300DWM,0.9354802981741449
ENCFF497CIT,ENCLB378OHH,ENCSR300DWM,0.9339307198763662
ENCFF738FVF,ENCLB378OHH,ENCSR300DWM,0.9345570376103148
ENCFF001HSN,ENCLB154UHE,ENCSR000DVP,0.9554650987352911
ENCFF001HSL,ENCLB400XDW,ENCSR000DVP,0.9379135880848107
ENCFF106ZQS,ENCLB920COO,ENCSR779YTI,0.8999814044524002
ENCFF083MRS,ENCLB920COO,ENCSR779YTI,0.9003722061152899
ENCFF499ATR,ENCLB920COO,ENCSR779YTI,0.9016463436601435
ENCFF022XIR,ENCLB920COO,ENCSR779YTI,0.9025112810740831
ENCFF758BNO,ENCLB151AMR,ENCSR779YTI,0.8943100846485049
ENCFF560GJU,ENCLB151AMR,ENCSR779YTI,0.9051559629823777
ENCFF197MNB,ENCLB151AMR,ENCSR779YTI,0.25469485520124313
ENCFF001HWA,ENCLB752ZEB,ENCSR000DWY,0.8865515024807691
ENCFF000RFO,ENCLB559JHW,ENCSR000BLX,0.9486468074436691
ENCFF000RFI,ENCLB559JHX,ENCSR000BLX,0.9572381135691373
ENCFF980TII,ENCLB710CAW,ENCSR449SEF,-0.204642704915814
ENCFF688CDG,ENCLB277MTN,ENCSR449SEF,-0.11162676250725641
ENCFF055SNS,ENCLB821IFF,ENCSR449SEF,-0.2059752035833498
ENCFF577IHY,ENCLB821IFF,ENCSR449SEF,-0.06659010847376642
ENCFF513PWG,ENCLB649CKT,ENCSR755WXO,0.9150520865809016
ENCFF206WWO,ENCLB649CKT,ENCSR755WXO,0.9136960391597734
ENCFF817MWV,ENCLB649CKT,ENCSR755WXO,0.9129834834087875
ENCFF126KRL,ENCLB649CKT,ENCSR755WXO,0.9133323963556601
ENCFF571UPX,ENCLB271FPU,ENCSR755WXO,0.9043447748102041
ENCFF449NLG,ENCLB271FPU,ENCSR755WXO,0.9090396884459757
ENCFF091OHD,ENCLB271FPU,ENCSR755WXO,0.9095543551834671
ENCFF702GBY,ENCLB021PKO,ENCSR079YAP,0.7287086657889246
ENCFF097TQV,ENCLB021PKO,ENCSR079YAP,0.9362535404299082
ENCFF658ZEQ,ENCLB731OSO,ENCSR079YAP,0.9311700567004392
ENCFF979NKQ,ENCLB000QRC,ENCSR832TWW,0.8828950841291868
ENCFF923REA,ENCLB000QRC,ENCSR832TWW,0.8824956843460298
ENCFF474DYK,ENCLB771CRV,ENCSR832TWW,0.9073764132989518
ENCFF499FKH,ENCLB771CRV,ENCSR832TWW,0.9053950915588251
ENCFF761MNM,ENCLB771CRV,ENCSR832TWW,0.9042576252776934
ENCFF004ACO,ENCLB771CRV,ENCSR832TWW,0.9030761505822658
ENCFF139XHN,ENCLB771CRV,ENCSR832TWW,0.9085820398366324
ENCFF750CMR,ENCLB771CRV,ENCSR832TWW,0.9019612177370081
ENCFF254ZGE,ENCLB771CRV,ENCSR832TWW,0.9080509073540303
ENCFF937MZK,ENCLB811DYZ,ENCSR957UPE,0.9231554701344914
ENCFF352EYL,ENCLB811DYZ,ENCSR957UPE,0.9176670508708742
ENCFF226IAD,ENCLB811DYZ,ENCSR957UPE,0.9219129358960589
ENCFF579JSA,ENCLB811DYZ,ENCSR957UPE,0.917751212822431
ENCFF324TKN,ENCLB753TQT,ENCSR957UPE,0.9236241530347333
ENCFF115TKV,ENCLB753TQT,ENCSR957UPE,0.921700893965724
ENCFF547TQW,ENCLB570ZKM,ENCSR000VGD,0.9452439587790858
ENCFF124EUD,ENCLB570ZKM,ENCSR000VGD,0.9449385418838769
ENCFF674WAF,ENCLB570ZKM,ENCSR000VGD,0.9453803018459885
ENCFF070QCP,ENCLB377ZMO,ENCSR000VGD,0.941288276234232
ENCFF901UFD,ENCLB377ZMO,ENCSR000VGD,0.943852275187585
ENCFF798RYQ,ENCLB377ZMO,ENCSR000VGD,0.9440978178125172
ENCFF001HUF,ENCLB117IDE,ENCSR000DWH,0.9533055961078459
ENCFF001HUG,ENCLB180ZCJ,ENCSR000DWH,0.9359044008931033
ENCFF302HSP,ENCLB616YEL,ENCSR260FAS,0.9400534667681851
ENCFF447ZPL,ENCLB616YEL,ENCSR260FAS,0.9459609164476233
ENCFF998ZLH,ENCLB616YEL,ENCSR260FAS,0.9429980560319493
ENCFF179GTH,ENCLB616YEL,ENCSR260FAS,0.9447543962290623
ENCFF142VON,ENCLB328BFT,ENCSR260FAS,0.944283934202872
ENCFF776RQW,ENCLB328BFT,ENCSR260FAS,0.9385156593887832
ENCFF201EFQ,ENCLB328BFT,ENCSR260FAS,0.9420020124429298
ENCFF977YCV,ENCLB328BFT,ENCSR260FAS,0.946440892452027
ENCFF480IRV,ENCLB336FCL,ENCSR260FAS,0.9384685004336112
ENCFF875PCU,ENCLB336FCL,ENCSR260FAS,0.9359987312619441
ENCFF679ONR,ENCLB336FCL,ENCSR260FAS,0.937781908759618
ENCFF751VPL,ENCLB336FCL,ENCSR260FAS,0.938498721283664
ENCFF993SBM,ENCLB380NLU,ENCSR260FAS,0.936771647291597
ENCFF095KCY,ENCLB380NLU,ENCSR260FAS,0.9375457469310902
ENCFF520PMA,ENCLB380NLU,ENCSR260FAS,0.9342566159067647
ENCFF583YUX,ENCLB380NLU,ENCSR260FAS,0.9347557693562258
ENCFF585YPM,ENCLB854TYJ,ENCSR331OGX,0.7205459261531695
ENCFF250RYR,ENCLB854TYJ,ENCSR331OGX,0.3115115655475747
ENCFF850ORZ,ENCLB790HOF,ENCSR331OGX,0.7384981633528263
ENCFF787XGB,ENCLB790HOF,ENCSR331OGX,0.6985409835668153
ENCFF410EAN,ENCLB063FXY,ENCSR380WJL,0.9428945486091598
ENCFF748KQY,ENCLB063FXY,ENCSR380WJL,0.7585965894158767
ENCFF988JSW,ENCLB063FXY,ENCSR380WJL,0.9449480408877097
ENCFF606LPU,ENCLB326XAS,ENCSR380WJL,0.9436274653081721
ENCFF696WKF,ENCLB326XAS,ENCSR380WJL,0.7660265764389647
ENCFF631BSK,ENCLB326XAS,ENCSR380WJL,0.9430294102692739
ENCFF698SNP,ENCLB601VZP,ENCSR230RQK,0.6910290141712907
ENCFF713AUO,ENCLB601VZP,ENCSR230RQK,0.9076171802214871
ENCFF600PAT,ENCLB674EBG,ENCSR230RQK,0.004057061112817182
ENCFF305YGX,ENCLB674EBG,ENCSR230RQK,0.11777128164575235
ENCFF000RZX,ENCLB242HBO,ENCSR000DMV,0.0914688480801459
ENCFF000RZY,ENCLB269UGU,ENCSR000DMV,0.48021877161674553
ENCFF619LCB,ENCLB299HZM,ENCSR505ZGX,-0.1554217367749863
ENCFF203IYT,ENCLB299HZM,ENCSR505ZGX,-0.14137178308777956
ENCFF528POX,ENCLB105BCH,ENCSR505ZGX,-0.1161376287425397
ENCFF451LIK,ENCLB105BCH,ENCSR505ZGX,-0.161625556105156
ENCFF539VHK,ENCLB105BCH,ENCSR505ZGX,-0.1566266388735244
ENCFF545PSM,ENCLB105BCH,ENCSR505ZGX,-0.14678398081062796
ENCFF000AMR,ENCLB695AQQ,ENCSR000AUV,0.8768172625615805
ENCFF000AMS,ENCLB695APF,ENCSR000AUV,0.925024122181512
ENCFF536FRD,ENCLB803LHL,ENCSR105HEC,0.16603715603137298
ENCFF129CLZ,ENCLB803LHL,ENCSR105HEC,0.19244061260904094
ENCFF063UTG,ENCLB803LHL,ENCSR105HEC,0.5750416461466111
ENCFF181MSE,ENCLB803LHL,ENCSR105HEC,-0.26903553711380007
ENCFF036EGE,ENCLB899IBW,ENCSR105HEC,0.027041193074534436
ENCFF798PSY,ENCLB899IBW,ENCSR105HEC,0.1461153395665816
ENCFF936CDL,ENCLB899IBW,ENCSR105HEC,0.09562006631214011
ENCFF530TPD,ENCLB899IBW,ENCSR105HEC,0.21833434507579194
ENCFF183MPC,ENCLB037BUC,ENCSR105HEC,0.7786448328162024
ENCFF861CTU,ENCLB037BUC,ENCSR105HEC,0.5848371734451815
ENCFF588SYT,ENCLB037BUC,ENCSR105HEC,0.7948336524017623
ENCFF775YPL,ENCLB088MEP,ENCSR856TKC,0.9036309713607535
ENCFF252VPJ,ENCLB088MEP,ENCSR856TKC,0.9016644230480202
ENCFF667ISZ,ENCLB088MEP,ENCSR856TKC,0.8997644722565087
ENCFF286OQT,ENCLB088MEP,ENCSR856TKC,0.894005727708952
ENCFF562YWJ,ENCLB527JOS,ENCSR856TKC,0.9385515196672304
ENCFF659OED,ENCLB527JOS,ENCSR856TKC,0.9340839772962924
ENCFF945IEZ,ENCLB527JOS,ENCSR856TKC,0.9311075564915251
ENCFF036MEY,ENCLB527JOS,ENCSR856TKC,0.9343356118062242
ENCFF931CRX,ENCLB811BQO,ENCSR856TKC,0.9342963743483901
ENCFF634FNO,ENCLB811BQO,ENCSR856TKC,0.937847892667697
ENCFF647URX,ENCLB811BQO,ENCSR856TKC,0.9306624045820601
ENCFF854KQD,ENCLB811BQO,ENCSR856TKC,0.9351545032337363
ENCFF001HJX,ENCLB030SHE,ENCSR000DTA,0.8672537990512135
ENCFF001HJW,ENCLB076BWS,ENCSR000DTA,0.8985235505629506
ENCFF001HQL,ENCLB650EFP,ENCSR000DUX,0.9306370073929019
ENCFF001HQM,ENCLB101LVV,ENCSR000DUX,0.9320088391680247
ENCFF988QJA,ENCLB467ERY,ENCSR195POA,0.9277223621152564
ENCFF016RCL,ENCLB467ERY,ENCSR195POA,0.9294192187557782
ENCFF132FOC,ENCLB852KTI,ENCSR195POA,0.9280540845296442
ENCFF982OFD,ENCLB852KTI,ENCSR195POA,0.9285312690718117
ENCFF417CSD,ENCLB852KTI,ENCSR195POA,0.9280927542837516
ENCFF602LOK,ENCLB777BOQ,ENCSR527TPP,-0.0023967119609281467
ENCFF949PVL,ENCLB014GFW,ENCSR527TPP,0.09137962692201983
ENCFF529UQP,ENCLB014GFW,ENCSR527TPP,0.10337571266837364
ENCFF924OEQ,ENCLB434XVD,ENCSR922HGS,0.9326482391176206
ENCFF500ODX,ENCLB434XVD,ENCSR922HGS,0.7002076290866225
ENCFF090DZT,ENCLB182NRW,ENCSR922HGS,0.9331583405872425
ENCFF647BVX,ENCLB182NRW,ENCSR922HGS,0.06388250485792647
ENCFF450RFF,ENCLB182NRW,ENCSR922HGS,0.721083034889967
ENCFF143YQH,ENCLB787DDD,ENCSR092VKJ,0.8941422651867209
ENCFF411ECL,ENCLB787DDD,ENCSR092VKJ,0.8948792854513798
ENCFF052XIV,ENCLB787DDD,ENCSR092VKJ,0.8951262271279385
ENCFF341GGN,ENCLB368EZB,ENCSR092VKJ,0.8926849709269795
ENCFF772JFV,ENCLB368EZB,ENCSR092VKJ,0.8936571049960907
ENCFF063SBH,ENCLB368EZB,ENCSR092VKJ,0.8933808751355214
ENCFF992JHO,ENCLB577ZMM,ENCSR160GVO,0.872760351229235
ENCFF956VHR,ENCLB577ZMM,ENCSR160GVO,0.6976553588032872
ENCFF179ZPA,ENCLB577ZMM,ENCSR160GVO,0.8813006617993359
ENCFF781ZDF,ENCLB600DTX,ENCSR160GVO,0.8634538378743676
ENCFF608AEX,ENCLB600DTX,ENCSR160GVO,0.8567062762603278
ENCFF278HOP,ENCLB600DTX,ENCSR160GVO,0.8647834682773988
ENCFF395YSV,ENCLB600DTX,ENCSR160GVO,0.864421939430824
ENCFF000BKS,ENCLB695ALS,ENCSR000ANE,-0.48085237985034124
ENCFF460QYA,ENCLB341VGV,ENCSR355ALW,0.9510966924588427
ENCFF593DOR,ENCLB341VGV,ENCSR355ALW,0.9463961195440165
ENCFF941GDZ,ENCLB541XAX,ENCSR355ALW,0.9379110992709746
ENCFF465AEV,ENCLB541XAX,ENCSR355ALW,0.9304188276101306
ENCFF234ILO,ENCLB541XAX,ENCSR355ALW,0.9318279287765656
ENCFF539EOK,ENCLB541XAX,ENCSR355ALW,0.9374208602789316
ENCFF001GXV,ENCLB862OVI,ENCSR000DPS,0.9058788949377746
ENCFF001GXW,ENCLB899YWA,ENCSR000DPS,0.9108340220832724
ENCFF302VKL,ENCLB827PFO,ENCSR372JWF,0.9162298106486693
ENCFF054HUW,ENCLB827PFO,ENCSR372JWF,0.9176677354485948
ENCFF691LBT,ENCLB827PFO,ENCSR372JWF,0.9165787308674451
ENCFF322OOS,ENCLB827PFO,ENCSR372JWF,0.917630669654833
ENCFF866DVR,ENCLB698UBI,ENCSR372JWF,0.9182197536071881
ENCFF098RGD,ENCLB698UBI,ENCSR372JWF,0.9174214945888627
ENCFF803TMW,ENCLB698UBI,ENCSR372JWF,0.9170890238423234
ENCFF951OFW,ENCLB135RDI,ENCSR967QUQ,0.9011410563890282
ENCFF743ZNB,ENCLB135RDI,ENCSR967QUQ,0.9021578139407719
ENCFF836XGG,ENCLB135RDI,ENCSR967QUQ,0.9007932049323873
ENCFF072NIK,ENCLB923FWV,ENCSR967QUQ,0.895037856722509
ENCFF465AWG,ENCLB923FWV,ENCSR967QUQ,0.8961779718924222
ENCFF248USD,ENCLB166VBB,ENCSR946MNG,-0.003789928744884741
ENCFF086XOB,ENCLB166VBB,ENCSR946MNG,0.6913933384396844
ENCFF594TDS,ENCLB793JVC,ENCSR946MNG,0.9327011634143648
ENCFF082GJC,ENCLB793JVC,ENCSR946MNG,0.2429139761596285
ENCFF779QOP,ENCLB793JVC,ENCSR946MNG,0.26292941993153784
ENCFF156SXO,ENCLB793JVC,ENCSR946MNG,0.9331196603883746
ENCFF000AOJ,ENCLB695AWD,ENCSR000AQU,0.9486041233857763
ENCFF000RQN,ENCLB187REE,ENCSR000DLB,0.9488267661772009
ENCFF000RQS,ENCLB156AFM,ENCSR000DLB,0.9462553053990052
ENCFF155EWB,ENCLB109OIZ,ENCSR736PZW,0.7120086316984334
ENCFF399NSH,ENCLB109OIZ,ENCSR736PZW,-0.14074815881363856
ENCFF175RHL,ENCLB109OIZ,ENCSR736PZW,-0.19603976351958016
ENCFF099FBL,ENCLB109OIZ,ENCSR736PZW,0.7575778301490999
ENCFF145QPY,ENCLB522ZRZ,ENCSR736PZW,0.9427454413832521
ENCFF590IIP,ENCLB522ZRZ,ENCSR736PZW,0.7769520078795501
ENCFF574NUJ,ENCLB522ZRZ,ENCSR736PZW,0.14786712948360506
ENCFF001GWI,ENCLB827TZQ,ENCSR000DPG,0.868888943419118
ENCFF001GWK,ENCLB846DOG,ENCSR000DPG,0.8484495115831582
ENCFF990NQW,ENCLB857VQK,ENCSR443NWG,0.9087040577589055
ENCFF539DYW,ENCLB857VQK,ENCSR443NWG,0.2680162410734193
ENCFF435WAC,ENCLB857VQK,ENCSR443NWG,0.9044379046305062
ENCFF518PBX,ENCLB857VQK,ENCSR443NWG,0.9027286084916459
ENCFF201HAN,ENCLB857VQK,ENCSR443NWG,0.9043506812330533
ENCFF597XFE,ENCLB857VQK,ENCSR443NWG,0.9014409193172147
ENCFF214ZRI,ENCLB857VQK,ENCSR443NWG,0.9049595834890707
ENCFF103HUX,ENCLB857VQK,ENCSR443NWG,0.9071060709160925
ENCFF755HMR,ENCLB038ZQI,ENCSR443NWG,0.9029903145090242
ENCFF830PUS,ENCLB038ZQI,ENCSR443NWG,0.9088544928187583
ENCFF585DVG,ENCLB038ZQI,ENCSR443NWG,0.9073679224690091
ENCFF134ELY,ENCLB038ZQI,ENCSR443NWG,0.9091393360628902
ENCFF675MTG,ENCLB038ZQI,ENCSR443NWG,0.9012352611810645
ENCFF515NSK,ENCLB038ZQI,ENCSR443NWG,0.9057042402201262
ENCFF575OBA,ENCLB038ZQI,ENCSR443NWG,0.9013987047349407
ENCFF944XAC,ENCLB785JEZ,ENCSR059BCO,0.14927298580609405
ENCFF814BBY,ENCLB785JEZ,ENCSR059BCO,0.9390087584729773
ENCFF519TUC,ENCLB785JEZ,ENCSR059BCO,0.14863495387521738
ENCFF279LFP,ENCLB785JEZ,ENCSR059BCO,0.14480870528180717
ENCFF786BMS,ENCLB158IJT,ENCSR059BCO,0.14142275605884513
ENCFF143DGJ,ENCLB158IJT,ENCSR059BCO,0.1428728621665168
ENCFF596LLL,ENCLB158IJT,ENCSR059BCO,0.9310907108340657
ENCFF204MLP,ENCLB158IJT,ENCSR059BCO,0.9367206653476498
ENCFF767SGR,ENCLB886KMN,ENCSR048RGR,0.936542841939818
ENCFF622WRY,ENCLB886KMN,ENCSR048RGR,0.9338634236179996
ENCFF458YWX,ENCLB886KMN,ENCSR048RGR,0.9353296058007967
ENCFF044BZI,ENCLB886KMN,ENCSR048RGR,0.9348618851488043
ENCFF787BZM,ENCLB774CJU,ENCSR048RGR,0.9420704294737576
ENCFF828KGC,ENCLB774CJU,ENCSR048RGR,0.9428924279659626
ENCFF000QLT,ENCLB306ZZZ,ENCSR000AHD,0.7066765109082574
ENCFF000QLW,ENCLB305ZZZ,ENCSR000AHD,0.9518079181936633
ENCFF594FRI,ENCLB203JOD,ENCSR928RNP,0.9272857446822702
ENCFF091MWZ,ENCLB203JOD,ENCSR928RNP,0.9268589540070772
ENCFF115XEN,ENCLB203JOD,ENCSR928RNP,0.9272162247011257
ENCFF392JEM,ENCLB790KRA,ENCSR236YGF,0.9360496915937098
ENCFF730HKC,ENCLB790KRA,ENCSR236YGF,0.9360530185712704
ENCFF010MYN,ENCLB775VMU,ENCSR236YGF,-0.16310522362554966
ENCFF739BFN,ENCLB775VMU,ENCSR236YGF,-0.026221649276380963
ENCFF350SWA,ENCLB775VMU,ENCSR236YGF,0.07616299706542005
ENCFF058PBK,ENCLB775VMU,ENCSR236YGF,0.19743428393980303
ENCFF650USF,ENCLB650NYA,ENCSR236YGF,0.9156013505511121
ENCFF837BCE,ENCLB650NYA,ENCSR236YGF,0.9169992158823375
ENCFF260RWW,ENCLB415IEO,ENCSR236YGF,0.6821355125178209
ENCFF408ZMK,ENCLB415IEO,ENCSR236YGF,-0.1964572371911037
ENCFF099EIX,ENCLB415IEO,ENCSR236YGF,0.1580232170114881
ENCFF404PSS,ENCLB415IEO,ENCSR236YGF,0.27979017772130166
ENCFF106EPI,ENCLB415IEO,ENCSR236YGF,0.026339208303629177
ENCFF092WQF,ENCLB719XOS,ENCSR846JKO,0.9432741083148062
ENCFF426WPK,ENCLB719XOS,ENCSR846JKO,0.9429496531927192
ENCFF001HIA,ENCLB638PNX,ENCSR000DRZ,0.932037439066916
ENCFF001HHX,ENCLB667MZC,ENCSR000DRZ,0.9380182772197584
ENCFF001HBY,ENCLB603XZW,ENCSR000DQY,-0.046548418610818425
ENCFF426NZW,ENCLB266LTA,ENCSR461VHZ,0.2635295139342026
ENCFF641PTH,ENCLB266LTA,ENCSR461VHZ,0.4426674293938426
ENCFF635WSD,ENCLB752BEM,ENCSR461VHZ,0.8714605004044227
ENCFF514PBH,ENCLB752BEM,ENCSR461VHZ,0.8755082304272613
ENCFF059YWU,ENCLB752BEM,ENCSR461VHZ,0.8753510209744624
ENCFF617KMB,ENCLB752BEM,ENCSR461VHZ,0.8713612415085651
ENCFF877UAC,ENCLB143IDI,ENCSR216SIK,0.15545199428471948
ENCFF911GNU,ENCLB143IDI,ENCSR216SIK,0.15784503776548012
ENCFF851YNO,ENCLB143IDI,ENCSR216SIK,0.1657811569929126
ENCFF195HTY,ENCLB143IDI,ENCSR216SIK,0.15546695487543388
ENCFF847JET,ENCLB221XSX,ENCSR216SIK,0.15097346290628222
ENCFF091JQQ,ENCLB221XSX,ENCSR216SIK,0.156196474076602
ENCFF500FOO,ENCLB221XSX,ENCSR216SIK,0.1571711900762903
ENCFF153WOU,ENCLB221XSX,ENCSR216SIK,0.15271431675618746
ENCFF772YMQ,ENCLB609RFP,ENCSR485VQV,0.9386091683608749
ENCFF259VMA,ENCLB609RFP,ENCSR485VQV,0.9378700000517113
ENCFF041XKD,ENCLB264YYY,ENCSR485VQV,0.903684941653888
ENCFF840ZPG,ENCLB264YYY,ENCSR485VQV,0.9037473536606523
ENCFF909IXX,ENCLB264YYY,ENCSR485VQV,0.926426954589348
ENCFF482IFJ,ENCLB264YYY,ENCSR485VQV,0.9120025271900842
ENCFF514HQV,ENCLB796DQF,ENCSR352EIC,0.1494957060733442
ENCFF843ATC,ENCLB796DQF,ENCSR352EIC,0.14732023638209293
ENCFF402HRL,ENCLB796DQF,ENCSR352EIC,0.1453619869803852
ENCFF056SII,ENCLB796DQF,ENCSR352EIC,0.14998789973476112
ENCFF500XYA,ENCLB757YGC,ENCSR352EIC,0.15173910676428234
ENCFF417KSC,ENCLB757YGC,ENCSR352EIC,0.152179437758183
ENCFF207NCQ,ENCLB757YGC,ENCSR352EIC,0.15290890214457228
ENCFF571QGZ,ENCLB757YGC,ENCSR352EIC,0.15107360251315954
ENCFF940SVU,ENCLB486XAK,ENCSR863HZM,0.9251222774649371
ENCFF604EFO,ENCLB486XAK,ENCSR863HZM,0.9239238034730807
ENCFF091KUX,ENCLB486XAK,ENCSR863HZM,0.9217853161157784
ENCFF069EVH,ENCLB486XAK,ENCSR863HZM,0.9295356124030689
ENCFF118IKM,ENCLB864ZDR,ENCSR863HZM,0.9159466963385018
ENCFF906ACM,ENCLB864ZDR,ENCSR863HZM,0.9187682850083309
ENCFF529GPC,ENCLB864ZDR,ENCSR863HZM,0.9170566677244373
ENCFF804KOV,ENCLB864ZDR,ENCSR863HZM,0.9150423123832905
ENCFF000BAS,ENCLB695AHY,ENCSR000AOA,0.8901178267362264
ENCFF000BAT,ENCLB695AQO,ENCSR000AOA,0.9275792497280604
ENCFF702YAS,ENCLB552OYB,ENCSR819WDZ,0.719972566201934
ENCFF931MIH,ENCLB552OYB,ENCSR819WDZ,0.7735572528238903
ENCFF021ICA,ENCLB552OYB,ENCSR819WDZ,-0.37070319740996643
ENCFF515LES,ENCLB552OYB,ENCSR819WDZ,-0.25051155500728267
ENCFF488DPN,ENCLB541RHA,ENCSR819WDZ,0.1855000839325061
ENCFF301BSI,ENCLB541RHA,ENCSR819WDZ,-0.32324832237144546
ENCFF858AKD,ENCLB541RHA,ENCSR819WDZ,0.1719446119654931
ENCFF514LLX,ENCLB541RHA,ENCSR819WDZ,-0.27724277924462054
ENCFF520PRU,ENCLB463NYM,ENCSR619WGF,0.9192566625500644
ENCFF042OCJ,ENCLB463NYM,ENCSR619WGF,0.9130827099438613
ENCFF994CUT,ENCLB463NYM,ENCSR619WGF,0.9158668044766001
ENCFF131ZKX,ENCLB463NYM,ENCSR619WGF,0.9155805883460663
ENCFF925XNW,ENCLB666GUW,ENCSR619WGF,0.9058348316957838
ENCFF416ISL,ENCLB666GUW,ENCSR619WGF,0.9096587707247099
ENCFF091EMZ,ENCLB666GUW,ENCSR619WGF,0.9105868093781799
ENCFF889MFL,ENCLB666GUW,ENCSR619WGF,0.9091977128072919
ENCFF562YWN,ENCLB269XDK,ENCSR130TQM,0.9397177106387266
ENCFF134WLB,ENCLB162CXO,ENCSR130TQM,0.9243900487662399
ENCFF632YGZ,ENCLB108YQS,ENCSR130TQM,0.9432906661271092
ENCFF954IAP,ENCLB700JQW,ENCSR259PNW,0.27402630918439125
ENCFF080JRN,ENCLB700JQW,ENCSR259PNW,-0.05643663367580789
ENCFF469MGV,ENCLB621OUU,ENCSR572DUJ,-0.17429698332444202
ENCFF943NVH,ENCLB621OUU,ENCSR572DUJ,-0.09302107686171188
ENCFF000RQF,ENCLB504WEH,ENCSR000DKZ,0.9240241361906276
ENCFF000RQK,ENCLB886CDE,ENCSR000DKZ,0.8748371017355947
ENCFF328PNG,ENCLB445STV,ENCSR489QDF,0.92533839816837
ENCFF270YQZ,ENCLB445STV,ENCSR489QDF,0.9227088406335202
ENCFF212ZXF,ENCLB445STV,ENCSR489QDF,0.9250277806578774
ENCFF826CGI,ENCLB445STV,ENCSR489QDF,0.9286493169819734
ENCFF348BCM,ENCLB200LAA,ENCSR489QDF,0.9420664870313203
ENCFF619JXU,ENCLB200LAA,ENCSR489QDF,0.9430303165202334
ENCFF627LMB,ENCLB200LAA,ENCSR489QDF,0.9415928495539476
ENCFF392KFB,ENCLB200LAA,ENCSR489QDF,0.9407113700779891
ENCFF941ZVV,ENCLB039IFQ,ENCSR489QDF,0.27713386761835274
ENCFF655ZLM,ENCLB039IFQ,ENCSR489QDF,0.918719704250643
ENCFF553ELT,ENCLB039IFQ,ENCSR489QDF,0.916837742086148
ENCFF988FKJ,ENCLB039IFQ,ENCSR489QDF,0.9268706213711936
ENCFF830WRO,ENCLB971YPE,ENCSR489QDF,0.929623999468691
ENCFF623FCI,ENCLB971YPE,ENCSR489QDF,0.9321169978909267
ENCFF795FTJ,ENCLB971YPE,ENCSR489QDF,0.9292018559120151
ENCFF752IEH,ENCLB971YPE,ENCSR489QDF,0.9319021126586081
ENCFF628QXQ,ENCLB859VXH,ENCSR296JFK,0.9321511205731858
ENCFF869DPN,ENCLB859VXH,ENCSR296JFK,0.9306660536072595
ENCFF695GAW,ENCLB859VXH,ENCSR296JFK,0.9324076273427123
ENCFF859YHC,ENCLB859VXH,ENCSR296JFK,0.928511504433077
ENCFF214NXN,ENCLB848FHG,ENCSR296JFK,0.9272515212805202
ENCFF805ARM,ENCLB848FHG,ENCSR296JFK,0.9277957337045275
ENCFF001HPF,ENCLB197YIS,ENCSR000DUP,0.7426167806113785
ENCFF755ACY,ENCLB861HEW,ENCSR266CJT,0.9323578874141084
ENCFF890IDN,ENCLB861HEW,ENCSR266CJT,0.9300910539800501
ENCFF324TLY,ENCLB861HEW,ENCSR266CJT,0.9320425863372436
ENCFF938AYU,ENCLB861HEW,ENCSR266CJT,0.9327204213731562
ENCFF893AMA,ENCLB046XYQ,ENCSR266CJT,0.9029877264602623
ENCFF483NTZ,ENCLB046XYQ,ENCSR266CJT,0.906649558249147
ENCFF705QUF,ENCLB046XYQ,ENCSR266CJT,0.8986702505606056
ENCFF030YTC,ENCLB886MPZ,ENCSR225YGX,0.9277904116126253
ENCFF767KMF,ENCLB886MPZ,ENCSR225YGX,0.9162340976502682
ENCFF681OKA,ENCLB886MPZ,ENCSR225YGX,0.3131703838008632
ENCFF095LEX,ENCLB886MPZ,ENCSR225YGX,0.915131630873075
ENCFF521YGI,ENCLB767KQK,ENCSR225YGX,0.9081914399041998
ENCFF089KWW,ENCLB767KQK,ENCSR225YGX,0.9083397679900928
ENCFF919IBJ,ENCLB767KQK,ENCSR225YGX,0.910923779232758
ENCFF140OYL,ENCLB767KQK,ENCSR225YGX,0.9078886495908655
ENCFF233NPV,ENCLB965DWZ,ENCSR225YGX,0.9084378558496801
ENCFF935VAU,ENCLB965DWZ,ENCSR225YGX,0.910931609857536
ENCFF318BZB,ENCLB479CHP,ENCSR225YGX,0.895772657300642
ENCFF816PZB,ENCLB479CHP,ENCSR225YGX,0.8917278407343596
ENCFF465VYN,ENCLB479CHP,ENCSR225YGX,0.8942304448801989
ENCFF942QLQ,ENCLB479CHP,ENCSR225YGX,0.8959036112889471
ENCFF034IRJ,ENCLB751QGX,ENCSR445NJB,0.9175457929117682
ENCFF654NTK,ENCLB751QGX,ENCSR445NJB,0.9163436675008552
ENCFF553NJS,ENCLB751QGX,ENCSR445NJB,0.918427566456866
ENCFF174GYN,ENCLB751QGX,ENCSR445NJB,0.9181642278684389
ENCFF157GPB,ENCLB355ROO,ENCSR445NJB,0.9146927852209362
ENCFF006JJB,ENCLB355ROO,ENCSR445NJB,0.9161493882387114
ENCFF308YXX,ENCLB355ROO,ENCSR445NJB,0.9142362234224592
ENCFF884ZFQ,ENCLB736XTG,ENCSR813KUE,0.9130627845825454
ENCFF203WOI,ENCLB736XTG,ENCSR813KUE,0.9135218909858016
ENCFF897JSQ,ENCLB736XTG,ENCSR813KUE,0.913575975699899
ENCFF521VIX,ENCLB736XTG,ENCSR813KUE,0.9137054428372662
ENCFF282XRJ,ENCLB556RCR,ENCSR813KUE,0.9055749241087305
ENCFF879NMD,ENCLB556RCR,ENCSR813KUE,0.9094793413070345
ENCFF106UFV,ENCLB556RCR,ENCSR813KUE,0.9106830982808815
ENCFF422GVK,ENCLB556RCR,ENCSR813KUE,0.9044915476834207
ENCFF952CAI,ENCLB557BPF,ENCSR753RME,0.9441439808051885
ENCFF926XQI,ENCLB557BPF,ENCSR753RME,0.9414321297150346
ENCFF913VNP,ENCLB572UIS,ENCSR753RME,0.9383119178767615
ENCFF364KGQ,ENCLB572UIS,ENCSR753RME,0.9390564507039608
ENCFF001GYV,ENCLB433FSJ,ENCSR000DPY,0.8917077105178859
ENCFF001GYX,ENCLB155QDW,ENCSR000DPY,0.9062471682898464
ENCFF234YVU,ENCLB869ZLL,ENCSR647SQF,0.9196464421349169
ENCFF622GFJ,ENCLB869ZLL,ENCSR647SQF,0.9148519518235295
ENCFF274ANN,ENCLB869ZLL,ENCSR647SQF,0.9218514363839364
ENCFF283DWG,ENCLB514ZVX,ENCSR647SQF,0.9141846741687849
ENCFF486DOL,ENCLB514ZVX,ENCSR647SQF,0.9154983657045273
ENCFF890SVI,ENCLB514ZVX,ENCSR647SQF,0.9091527976314878
ENCFF641SIW,ENCLB514ZVX,ENCSR647SQF,0.9114634920003634
ENCFF001HOQ,ENCLB340XFO,ENCSR000DUM,0.9171859171783924
ENCFF001HOR,ENCLB203MUP,ENCSR000DUM,0.9474089285608304
ENCFF160RVU,ENCLB796DGN,ENCSR168KQC,0.9058121725041798
ENCFF515XBW,ENCLB796DGN,ENCSR168KQC,0.9099336811598967
ENCFF917WPM,ENCLB796DGN,ENCSR168KQC,0.9084261363988597
ENCFF978JHN,ENCLB309ORP,ENCSR168KQC,0.9143708335119974
ENCFF745CQN,ENCLB309ORP,ENCSR168KQC,0.9134381870464714
ENCFF001HGK,ENCLB915VMM,ENCSR000DRP,0.9555025764923128
ENCFF001HGI,ENCLB241QDX,ENCSR000DRP,0.9374558223675937
ENCFF001HGJ,ENCLB045FXH,ENCSR000DRP,0.9533543987281647
ENCFF731MIM,ENCLB943DVO,ENCSR782BSY,0.7130680904591612
ENCFF372LOM,ENCLB943DVO,ENCSR782BSY,0.7101104061732957
ENCFF466HZF,ENCLB943DVO,ENCSR782BSY,0.7099368016395756
ENCFF120DLR,ENCLB943DVO,ENCSR782BSY,0.7072299494932073
ENCFF551YUA,ENCLB110YHH,ENCSR782BSY,0.7296285451140408
ENCFF468ICT,ENCLB110YHH,ENCSR782BSY,0.7355911133544866
ENCFF026KJX,ENCLB110YHH,ENCSR782BSY,0.7265756735889468
ENCFF512VAW,ENCLB110YHH,ENCSR782BSY,0.7329608278560332
ENCFF001HMK,ENCLB533PZJ,ENCSR000DTR,0.8908966006013845
ENCFF001HMI,ENCLB619RPL,ENCSR000DTR,0.9299008900793669
ENCFF002AVW,ENCLB787KKC,ENCSR027HML,0.9614847334353235
ENCFF690GSP,ENCLB787KKC,ENCSR027HML,0.9635049254657655
ENCFF094ZYW,ENCLB506TNR,ENCSR027HML,0.9612855754714348
ENCFF266OUT,ENCLB506TNR,ENCSR027HML,0.9608517434558751
ENCFF002AVL,ENCLB506TNR,ENCSR027HML,0.9604844446554747
ENCFF828WRM,ENCLB787VJZ,ENCSR188XCX,0.9376603223795686
ENCFF213BHS,ENCLB787VJZ,ENCSR188XCX,0.9365749819413346
ENCFF802QNH,ENCLB787VJZ,ENCSR188XCX,0.9379715307223596
ENCFF551AIX,ENCLB787VJZ,ENCSR188XCX,0.9362861340166538
ENCFF135WFL,ENCLB611TLV,ENCSR188XCX,0.941328178372878
ENCFF883LGC,ENCLB611TLV,ENCSR188XCX,0.941319253173613
ENCFF153YQM,ENCLB611TLV,ENCSR188XCX,0.9385420972851678
ENCFF412ZOJ,ENCLB611TLV,ENCSR188XCX,0.9390591557345456
ENCFF777YCM,ENCLB370DBG,ENCSR188XCX,0.9367374318188676
ENCFF732SKT,ENCLB370DBG,ENCSR188XCX,0.9382200885106394
ENCFF693IUG,ENCLB370DBG,ENCSR188XCX,0.9376853914424559
ENCFF522VSA,ENCLB909CKK,ENCSR188XCX,0.9386640412697111
ENCFF617PAS,ENCLB909CKK,ENCSR188XCX,0.9375763500240724
ENCFF659ETN,ENCLB909CKK,ENCSR188XCX,0.9390751846432447
ENCFF268ONM,ENCLB909CKK,ENCSR188XCX,0.9386942306554718
ENCFF910OWU,ENCLB243BBE,ENCSR774PGN,-0.3114661468858987
ENCFF495LPR,ENCLB243BBE,ENCSR774PGN,-0.7087408936187581
ENCFF121YOS,ENCLB243BBE,ENCSR774PGN,0.7337847419425937
ENCFF607BIW,ENCLB243BBE,ENCSR774PGN,0.6721252538185655
ENCFF011HBI,ENCLB735QGO,ENCSR774PGN,-0.30776105158336337
ENCFF491SVU,ENCLB735QGO,ENCSR774PGN,-0.19789477299995373
ENCFF544AAK,ENCLB735QGO,ENCSR774PGN,-0.252805042068352
ENCFF154QUD,ENCLB735QGO,ENCSR774PGN,-0.23625264298671791
ENCFF974HNE,ENCLB258LMD,ENCSR329KRE,0.9033173705126281
ENCFF849XHI,ENCLB258LMD,ENCSR329KRE,0.9085840258276291
ENCFF602MKU,ENCLB258LMD,ENCSR329KRE,0.9054857233531421
ENCFF844VGS,ENCLB258LMD,ENCSR329KRE,0.9052521891700737
ENCFF417IFQ,ENCLB378DRY,ENCSR329KRE,0.9002674660659337
ENCFF217JML,ENCLB378DRY,ENCSR329KRE,0.9062617219688921
ENCFF154EAY,ENCLB378DRY,ENCSR329KRE,0.903751286857099
ENCFF282GQH,ENCLB378DRY,ENCSR329KRE,0.27361987949037797
ENCFF868XYE,ENCLB619XGY,ENCSR825NXC,0.29489456501015576
ENCFF995XYQ,ENCLB619XGY,ENCSR825NXC,-0.031084603171882087
ENCFF957SVB,ENCLB619XGY,ENCSR825NXC,0.9345717618584288
ENCFF158UIJ,ENCLB124TVH,ENCSR825NXC,0.9374229448203399
ENCFF824RYM,ENCLB124TVH,ENCSR825NXC,0.9357651241588114
ENCFF568EJH,ENCLB124TVH,ENCSR825NXC,0.9363926155536643
ENCFF422ISN,ENCLB372PTZ,ENCSR715FHW,0.8997304437932317
ENCFF382CHS,ENCLB372PTZ,ENCSR715FHW,0.8927166588351938
ENCFF400SLN,ENCLB372PTZ,ENCSR715FHW,0.8994849451454074
ENCFF953SPR,ENCLB372PTZ,ENCSR715FHW,0.8964489740891654
ENCFF798VRJ,ENCLB372PTZ,ENCSR715FHW,0.8955703573417626
ENCFF465UYS,ENCLB372PTZ,ENCSR715FHW,0.8964180669053479
ENCFF753EAQ,ENCLB372PTZ,ENCSR715FHW,0.9000322440609183
ENCFF690JSS,ENCLB372PTZ,ENCSR715FHW,0.8959921046046881
ENCFF205DCU,ENCLB647NYM,ENCSR715FHW,0.9154985104196409
ENCFF574MCK,ENCLB647NYM,ENCSR715FHW,0.9160932501666414
ENCFF454OWC,ENCLB647NYM,ENCSR715FHW,0.9178599301824534
ENCFF050BMW,ENCLB244QTO,ENCSR715FHW,0.891109296954285
ENCFF587CCI,ENCLB244QTO,ENCSR715FHW,0.8959642164067321
ENCFF841OXU,ENCLB244QTO,ENCSR715FHW,0.8912606630720805
ENCFF189CFL,ENCLB813GBZ,ENCSR715FHW,0.9201671510704343
ENCFF173SMZ,ENCLB813GBZ,ENCSR715FHW,0.9202475307405602
ENCFF760LCD,ENCLB813GBZ,ENCSR715FHW,0.9212331532067871
ENCFF503FQQ,ENCLB976DXW,ENCSR595BPR,0.9082062003720421
ENCFF291HME,ENCLB976DXW,ENCSR595BPR,0.9097755165363751
ENCFF098OSY,ENCLB407PLO,ENCSR595BPR,0.9349262086607206
ENCFF948BFT,ENCLB407PLO,ENCSR595BPR,0.933137193268852
ENCFF230WDC,ENCLB407PLO,ENCSR595BPR,0.9358920279898907
ENCFF559CAG,ENCLB407PLO,ENCSR595BPR,0.930230876880413
ENCFF869FUF,ENCLB407PLO,ENCSR595BPR,0.9313155886173
ENCFF089PDM,ENCLB407PLO,ENCSR595BPR,0.9357493823562147
ENCFF451SFM,ENCLB438UMX,ENCSR595BPR,0.9130740019101408
ENCFF855IEX,ENCLB438UMX,ENCSR595BPR,0.9152139075433664
ENCFF062OPB,ENCLB184HTV,ENCSR595BPR,0.9284291265456651
ENCFF121YSO,ENCLB184HTV,ENCSR595BPR,0.9287100742219868
ENCFF053GAI,ENCLB184HTV,ENCSR595BPR,0.930167539487166
ENCFF604HAJ,ENCLB184HTV,ENCSR595BPR,0.9301252688652808
ENCFF199GME,ENCLB184HTV,ENCSR595BPR,0.9319990819575865
ENCFF000CJC,ENCLB695AWF,ENCSR000APM,0.9299137383461286
ENCFF000CJD,ENCLB695AWG,ENCSR000APM,0.9487322743398846
ENCFF614WSH,ENCLB757WNF,ENCSR961IOA,0.9437775558781124
ENCFF807TNJ,ENCLB757WNF,ENCSR961IOA,0.9416533927480044
ENCFF242RYU,ENCLB757WNF,ENCSR961IOA,0.9415515781608559
ENCFF786DWX,ENCLB757WNF,ENCSR961IOA,0.9451219001745905
ENCFF238YON,ENCLB399LXO,ENCSR961IOA,0.9494839012774257
ENCFF445OEQ,ENCLB399LXO,ENCSR961IOA,0.9480416449348236
ENCFF171MNL,ENCLB399LXO,ENCSR961IOA,0.9457486184278792
ENCFF420UGM,ENCLB399LXO,ENCSR961IOA,0.9464663571162382
ENCFF136BSY,ENCLB297PCX,ENCSR059KXR,0.9096472990639438
ENCFF072YAU,ENCLB297PCX,ENCSR059KXR,0.9109565964057793
ENCFF663WBI,ENCLB297PCX,ENCSR059KXR,0.9131619795127918
ENCFF812DAN,ENCLB297PCX,ENCSR059KXR,0.9125746973167707
ENCFF770WIX,ENCLB028SPN,ENCSR059KXR,0.9093030965731841
ENCFF195VOC,ENCLB028SPN,ENCSR059KXR,0.9115936439071429
ENCFF510DED,ENCLB028SPN,ENCSR059KXR,0.9105844126653363
ENCFF022PVE,ENCLB435ZCV,ENCSR757DFT,0.9072660806901435
ENCFF971RGZ,ENCLB435ZCV,ENCSR757DFT,0.9042338671118975
ENCFF858QZI,ENCLB435ZCV,ENCSR757DFT,0.9065230176264143
ENCFF108NHN,ENCLB047HZP,ENCSR757DFT,0.9160256205847894
ENCFF540HIN,ENCLB047HZP,ENCSR757DFT,0.9143012540425004
ENCFF556RNQ,ENCLB047HZP,ENCSR757DFT,0.915545069104603
ENCFF236NHP,ENCLB666NXN,ENCSR452KYY,0.7338673563692115
ENCFF647SYD,ENCLB666NXN,ENCSR452KYY,-0.319757383084594
ENCFF105MVT,ENCLB666NXN,ENCSR452KYY,0.09858290498408202
ENCFF793QJW,ENCLB666NXN,ENCSR452KYY,0.7409771780597938
ENCFF929HGQ,ENCLB794HDY,ENCSR452KYY,0.12788465296509707
ENCFF155WTP,ENCLB794HDY,ENCSR452KYY,0.14625732464123692
ENCFF225BJO,ENCLB794HDY,ENCSR452KYY,0.3297064937373739
ENCFF903VEW,ENCLB794HDY,ENCSR452KYY,0.06883815526453696
ENCFF001HCR,ENCLB731XKT,ENCSR000DRE,0.9302743599415738
ENCFF001HCS,ENCLB590VKG,ENCSR000DRE,0.751098861303677
ENCFF001HCQ,ENCLB644SKD,ENCSR000DRE,0.9257899277084559
ENCFF866NIM,ENCLB112DVP,ENCSR075NRV,0.9314942096144273
ENCFF674DJW,ENCLB112DVP,ENCSR075NRV,0.9335235845532274
ENCFF528QNI,ENCLB112DVP,ENCSR075NRV,0.9328842414716542
ENCFF641ERL,ENCLB112DVP,ENCSR075NRV,0.9271015230919376
ENCFF071JZD,ENCLB327EUJ,ENCSR075NRV,0.915650706962575
ENCFF455HJY,ENCLB327EUJ,ENCSR075NRV,0.9132681682291561
ENCFF410CFV,ENCLB327EUJ,ENCSR075NRV,0.9094657671999341
ENCFF447FUF,ENCLB327EUJ,ENCSR075NRV,0.9118804661186594
ENCFF039AQL,ENCLB634YBK,ENCSR075NRV,0.9315077001126071
ENCFF538KCH,ENCLB634YBK,ENCSR075NRV,0.9271906411651284
ENCFF077FWS,ENCLB634YBK,ENCSR075NRV,0.9274721595270666
ENCFF657DUW,ENCLB634YBK,ENCSR075NRV,0.9265803622590811
ENCFF001HGY,ENCLB356KOC,ENCSR000DRR,0.9218917531789915
ENCFF001HHG,ENCLB341CVN,ENCSR000DRR,0.9414655366586652
ENCFF001GZW,ENCLB029LBI,ENCSR000DQI,0.9391668784395419
ENCFF001GZX,ENCLB669WNO,ENCSR000DQI,0.938829597840757
ENCFF000RTC,ENCLB225QRS,ENCSR000DLO,0.9575205554094048
ENCFF000RTA,ENCLB001CGH,ENCSR000DLO,0.9639474940029265
ENCFF623DKQ,ENCLB428HJL,ENCSR251BHU,0.9186269011381692
ENCFF988OPE,ENCLB428HJL,ENCSR251BHU,0.9199702260545893
ENCFF026QXF,ENCLB428HJL,ENCSR251BHU,0.9135245571657421
ENCFF289DBN,ENCLB428HJL,ENCSR251BHU,0.9171552861060203
ENCFF142EHA,ENCLB488RIY,ENCSR251BHU,0.9122872756704259
ENCFF308ITH,ENCLB488RIY,ENCSR251BHU,0.91618383019233
ENCFF901QBS,ENCLB488RIY,ENCSR251BHU,0.910552452369771
ENCFF587KTC,ENCLB530JKS,ENCSR461HOC,0.9361634669683667
ENCFF713TSX,ENCLB530JKS,ENCSR461HOC,0.9377577907453312
ENCFF436ZSF,ENCLB820BHD,ENCSR461HOC,0.9321382684246384
ENCFF551HXR,ENCLB820BHD,ENCSR461HOC,0.9318840706767292
ENCFF848ENP,ENCLB820BHD,ENCSR461HOC,0.9325416501899324
ENCFF890EIM,ENCLB927NDQ,ENCSR904RIA,0.9364939052434696
ENCFF444XTS,ENCLB927NDQ,ENCSR904RIA,0.9415337363393002
ENCFF444LFH,ENCLB927NDQ,ENCSR904RIA,0.9406082266430844
ENCFF947APQ,ENCLB079VHJ,ENCSR904RIA,0.9402705737347113
ENCFF564XFY,ENCLB079VHJ,ENCSR904RIA,0.9418154978023163
ENCFF924EMQ,ENCLB079VHJ,ENCSR904RIA,0.9384851085552502
ENCFF559OOS,ENCLB079VHJ,ENCSR904RIA,0.937280355903233
ENCFF663PRI,ENCLB130YAC,ENCSR597TGH,0.1462412929438674
ENCFF673IJK,ENCLB130YAC,ENCSR597TGH,0.14876123938446742
ENCFF740LRU,ENCLB130YAC,ENCSR597TGH,0.14808319741697473
ENCFF390DDO,ENCLB130YAC,ENCSR597TGH,0.13919962847514641
ENCFF130ONT,ENCLB734EWH,ENCSR597TGH,0.14404808490497265
ENCFF260MQP,ENCLB734EWH,ENCSR597TGH,0.14702698494713357
ENCFF750BCS,ENCLB734EWH,ENCSR597TGH,0.14840208169807206
ENCFF435MLH,ENCLB734EWH,ENCSR597TGH,0.143281503700305
ENCFF713OQU,ENCLB640FJA,ENCSR113COJ,0.9344352556132189
ENCFF531JEF,ENCLB640FJA,ENCSR113COJ,0.7730341512606509
ENCFF438ZXW,ENCLB640FJA,ENCSR113COJ,0.7635257248087551
ENCFF156XGO,ENCLB640FJA,ENCSR113COJ,0.048040924259097915
ENCFF702YNO,ENCLB236JMN,ENCSR113COJ,0.12495408303114475
ENCFF552CEV,ENCLB236JMN,ENCSR113COJ,0.03801920835291585
ENCFF493CRJ,ENCLB236JMN,ENCSR113COJ,0.12556568010648095
ENCFF958OZA,ENCLB236JMN,ENCSR113COJ,0.7260694114515286
ENCFF184FRT,ENCLB701PMN,ENCSR601FEB,0.9336105078208183
ENCFF571WNO,ENCLB701PMN,ENCSR601FEB,0.9314783200205593
ENCFF757QAF,ENCLB701PMN,ENCSR601FEB,0.928950229159007
ENCFF588VLZ,ENCLB106KDZ,ENCSR601FEB,0.9267047584497291
ENCFF158WLJ,ENCLB106KDZ,ENCSR601FEB,0.9255189321698049
ENCFF627ATD,ENCLB106KDZ,ENCSR601FEB,0.9249028839803317
ENCFF136BVP,ENCLB106KDZ,ENCSR601FEB,0.9287545160415621
ENCFF408PWA,ENCLB894PYT,ENCSR601FEB,0.9303209319016902
ENCFF941UQF,ENCLB894PYT,ENCSR601FEB,0.9326489274327122
ENCFF677EVR,ENCLB672XGX,ENCSR601FEB,0.9221451340749146
ENCFF829UZV,ENCLB672XGX,ENCSR601FEB,0.922556851403591
ENCFF000VPD,ENCLB209ACF,ENCSR000DYD,0.9551314406117715
ENCFF000VPF,ENCLB209ACG,ENCSR000DYD,0.6983259230747668
ENCFF079JCM,ENCLB714SJK,ENCSR505RTK,0.9291942562933716
ENCFF294GNA,ENCLB714SJK,ENCSR505RTK,0.9290954789487768
ENCFF648WPB,ENCLB714SJK,ENCSR505RTK,0.9252281756073257
ENCFF785NTX,ENCLB800CUN,ENCSR505RTK,0.9296942185705837
ENCFF321PKC,ENCLB800CUN,ENCSR505RTK,0.928143732606882
ENCFF001GXI,ENCLB395MEO,ENCSR000DPP,0.9490094884999023
ENCFF001GXJ,ENCLB126GDH,ENCSR000DPP,0.9486643579609468
ENCFF990FHA,ENCLB141HAE,ENCSR035OXA,0.9357871583831023
ENCFF331SPC,ENCLB471GQJ,ENCSR035OXA,0.9429227477176909
ENCFF057RFO,ENCLB080NHN,ENCSR035OXA,0.9450213327563693
ENCFF988XWT,ENCLB389ZDZ,ENCSR740GKG,0.9014207834559124
ENCFF259CAV,ENCLB389ZDZ,ENCSR740GKG,0.897965469591013
ENCFF471JJM,ENCLB389ZDZ,ENCSR740GKG,0.8989045546072871
ENCFF119NZA,ENCLB223XNX,ENCSR740GKG,0.8950743541926801
ENCFF179PSO,ENCLB223XNX,ENCSR740GKG,0.8976385375569351
ENCFF223GXT,ENCLB390GMI,ENCSR384DBJ,0.9104154629065224
ENCFF330CVB,ENCLB390GMI,ENCSR384DBJ,0.9137269854972305
ENCFF250GOT,ENCLB390GMI,ENCSR384DBJ,0.9109709925580911
ENCFF945LDU,ENCLB390GMI,ENCSR384DBJ,0.9112455024610857
ENCFF001GWB,ENCLB796WHT,ENCSR000DPF,0.9188843357904785
ENCFF001GVU,ENCLB457BBX,ENCSR000DPF,0.9269740965906406
ENCFF209SXY,ENCLB596AMB,ENCSR336VBV,0.9280776351870783
ENCFF746KFL,ENCLB630RBO,ENCSR336VBV,0.9373761420798229
ENCFF907KEZ,ENCLB704HCC,ENCSR671ITY,0.13969989731859048
ENCFF696QFH,ENCLB704HCC,ENCSR671ITY,0.13599898616344375
ENCFF720ASD,ENCLB704HCC,ENCSR671ITY,0.13380844120161486
ENCFF540HZC,ENCLB704HCC,ENCSR671ITY,0.1397364031058231
ENCFF895PXF,ENCLB526UOI,ENCSR671ITY,0.14092974135129066
ENCFF631WSI,ENCLB526UOI,ENCSR671ITY,0.14034492626477482
ENCFF186MIP,ENCLB526UOI,ENCSR671ITY,0.1430056035516474
ENCFF309XGI,ENCLB526UOI,ENCSR671ITY,0.14076116750745896
ENCFF001HAJ,ENCLB559RFU,ENCSR000DQN,0.9567415058171828
ENCFF001HAI,ENCLB586IHD,ENCSR000DQN,0.9560094879728895
ENCFF442VQS,ENCLB871HTW,ENCSR578AKX,0.9367426269923227
ENCFF736ZLL,ENCLB871HTW,ENCSR578AKX,0.934972384371564
ENCFF866HQF,ENCLB871HTW,ENCSR578AKX,0.9341593164018603
ENCFF925QAY,ENCLB168MPU,ENCSR578AKX,0.9369878753573279
ENCFF896IQD,ENCLB168MPU,ENCSR578AKX,0.935146536313642
ENCFF758KSH,ENCLB168MPU,ENCSR578AKX,0.9367839800090983
ENCFF001HSF,ENCLB323VYI,ENCSR000DVI,0.9246833877836862
ENCFF001HRY,ENCLB464XDK,ENCSR000DVI,0.9091157831663716
ENCFF855FAY,ENCLB753UCH,ENCSR252QYR,0.9496672457990798
ENCFF082XMZ,ENCLB041MNB,ENCSR619IUE,0.9063816670571775
ENCFF001HYG,ENCLB913FTU,ENCSR000DXW,0.9494094557894818
ENCFF001HYR,ENCLB896AWX,ENCSR000DXW,0.943006316848688
ENCFF047YGG,ENCLB373LXJ,ENCSR992XTY,0.95499961623322
ENCFF777FAZ,ENCLB373LXJ,ENCSR992XTY,0.953161918760303
ENCFF541YXA,ENCLB373LXJ,ENCSR992XTY,0.955581931924808
ENCFF819JXH,ENCLB373LXJ,ENCSR992XTY,0.9546433993949826
ENCFF036NXQ,ENCLB373LXJ,ENCSR992XTY,0.9507363574992367
ENCFF293HAY,ENCLB373LXJ,ENCSR992XTY,0.9540492460645222
ENCFF073LOW,ENCLB373LXJ,ENCSR992XTY,0.957681619246853
ENCFF396VVS,ENCLB748OQC,ENCSR992XTY,0.9494553224293115
ENCFF465XYN,ENCLB748OQC,ENCSR992XTY,0.9531011589732276
ENCFF092LXL,ENCLB748OQC,ENCSR992XTY,0.9499308788341718
ENCFF054ASD,ENCLB748OQC,ENCSR992XTY,0.9556428361131454
ENCFF258OYZ,ENCLB748OQC,ENCSR992XTY,0.9501840314370784
ENCFF250QNN,ENCLB748OQC,ENCSR992XTY,0.9506499488311271
ENCFF131MTO,ENCLB748OQC,ENCSR992XTY,0.9587242595958895
ENCFF639OJC,ENCLB748OQC,ENCSR992XTY,0.9532952328450877
ENCFF904ZES,ENCLB670INK,ENCSR992XTY,0.7802736627828778
ENCFF383AON,ENCLB670INK,ENCSR992XTY,0.6884890366092862
ENCFF192YXV,ENCLB670INK,ENCSR992XTY,0.9444314789920726
ENCFF213MTD,ENCLB670INK,ENCSR992XTY,0.6975668760515472
ENCFF521SOD,ENCLB670INK,ENCSR992XTY,0.7694130674536522
ENCFF854IKY,ENCLB670INK,ENCSR992XTY,0.6071775252937774
ENCFF000PYJ,ENCLB559JFB,ENCSR000BPJ,0.9434475342242512
ENCFF000PYD,ENCLB559JSW,ENCSR000BPJ,0.8935601006892748
ENCFF000PHG,ENCLB559JUJ,ENCSR000BIE,0.9596273149360676
ENCFF598BQY,ENCLB214ERW,ENCSR921ERP,0.9398408236038824
ENCFF251QAS,ENCLB214ERW,ENCSR921ERP,0.9378296229588059
ENCFF441SXK,ENCLB214ERW,ENCSR921ERP,0.9422426496712948
ENCFF103DVR,ENCLB214ERW,ENCSR921ERP,0.9429859210352761
ENCFF591HEE,ENCLB214ERW,ENCSR921ERP,0.9396204040369296
ENCFF496JHX,ENCLB214ERW,ENCSR921ERP,0.9452464050096862
ENCFF785NZO,ENCLB214ERW,ENCSR921ERP,0.9375768349551366
ENCFF454WMC,ENCLB483NAC,ENCSR921ERP,0.9432805934864205
ENCFF044QUQ,ENCLB483NAC,ENCSR921ERP,0.9437160726748693
ENCFF406AMF,ENCLB483NAC,ENCSR921ERP,0.9404629264925993
ENCFF995QNE,ENCLB483NAC,ENCSR921ERP,0.9438559848145588
ENCFF125DVB,ENCLB483NAC,ENCSR921ERP,0.9428708109987725
ENCFF183UJY,ENCLB483NAC,ENCSR921ERP,0.9411169165967319
ENCFF960ZJR,ENCLB753JWY,ENCSR062JAC,0.8968894509140813
ENCFF044CTA,ENCLB753JWY,ENCSR062JAC,0.8957070628355499
ENCFF900PVX,ENCLB753JWY,ENCSR062JAC,0.1592963869488442
ENCFF752MXI,ENCLB458PDN,ENCSR062JAC,0.8983311863075304
ENCFF656AJJ,ENCLB458PDN,ENCSR062JAC,0.8957192821246339
ENCFF382RGP,ENCLB458PDN,ENCSR062JAC,0.897345791955333
ENCFF775OLE,ENCLB458PDN,ENCSR062JAC,0.8967081292259785
ENCFF470TWY,ENCLB579MEV,ENCSR384KPP,0.06035384673104644
ENCFF812SLL,ENCLB813OYH,ENCSR384KPP,0.9094896626542815
ENCFF820SVP,ENCLB105XXA,ENCSR384KPP,0.9416504932045427
ENCFF468ORF,ENCLB180ZJW,ENCSR458PYQ,0.9141063960221057
ENCFF351NSF,ENCLB180ZJW,ENCSR458PYQ,0.9197991470087643
ENCFF816JZO,ENCLB180ZJW,ENCSR458PYQ,0.9192950742053079
ENCFF750GKQ,ENCLB180ZJW,ENCSR458PYQ,0.9196536878780514
ENCFF970RDE,ENCLB275MCA,ENCSR458PYQ,0.9430450106732463
ENCFF231STK,ENCLB275MCA,ENCSR458PYQ,0.9453431360419586
ENCFF379PRY,ENCLB275MCA,ENCSR458PYQ,0.9453976689114304
ENCFF492DSV,ENCLB275MCA,ENCSR458PYQ,0.9433012857922878
ENCFF835ELA,ENCLB071CDF,ENCSR458PYQ,0.9463352673795206
ENCFF899BUM,ENCLB608EJI,ENCSR458PYQ,0.9239878890548361
ENCFF311FQE,ENCLB608EJI,ENCSR458PYQ,0.922222913791632
ENCFF145JJG,ENCLB608EJI,ENCSR458PYQ,0.9229919761317142
ENCFF473FJW,ENCLB608EJI,ENCSR458PYQ,0.9249048281980695
ENCFF000ROI,ENCLB689ALZ,ENCSR000DKP,0.9357118328747961
ENCFF000RNU,ENCLB579TDS,ENCSR000DKP,0.9260998176202231
ENCFF711WHQ,ENCLB538KNQ,ENCSR145HBC,0.9377935394539912
ENCFF646FIA,ENCLB538KNQ,ENCSR145HBC,0.9362969212555721
ENCFF424FEY,ENCLB581FHR,ENCSR145HBC,0.9158421181130535
ENCFF969KHF,ENCLB581FHR,ENCSR145HBC,0.9126188868610745
ENCFF271IZY,ENCLB436LGE,ENCSR470KCE,0.9400822941495935
ENCFF812FXF,ENCLB436LGE,ENCSR470KCE,0.9442927423331864
ENCFF696VYZ,ENCLB436LGE,ENCSR470KCE,0.9450700004571849
ENCFF134YVA,ENCLB436LGE,ENCSR470KCE,0.9436766622266134
ENCFF105VUO,ENCLB900NWY,ENCSR470KCE,0.9465734986359909
ENCFF267UOX,ENCLB900NWY,ENCSR470KCE,0.9425127503854246
ENCFF609XGR,ENCLB900NWY,ENCSR470KCE,0.9388951774733402
ENCFF577GDR,ENCLB900NWY,ENCSR470KCE,0.9397449116873792
ENCFF683UCV,ENCLB607ERO,ENCSR470KCE,0.9022374658019998
ENCFF000NKT,ENCLB559JDQ,ENCSR000BQE,0.9392778498863783
ENCFF000NKZ,ENCLB559JDP,ENCSR000BQE,0.2642222698196896
ENCFF142WQR,ENCLB305ZVV,ENCSR194JAU,0.912015583498702
ENCFF277NUY,ENCLB305ZVV,ENCSR194JAU,0.9133957522138287
ENCFF418ROT,ENCLB250YQW,ENCSR194JAU,0.9115750243389946
ENCFF268JON,ENCLB266XSA,ENCSR913SEI,0.9278393886521334
ENCFF060DFN,ENCLB266XSA,ENCSR913SEI,0.929237166370024
ENCFF201WTX,ENCLB266XSA,ENCSR913SEI,0.931233894180711
ENCFF686ANA,ENCLB266XSA,ENCSR913SEI,0.9310170908649866
ENCFF098RRQ,ENCLB076PZS,ENCSR913SEI,0.9347691173180543
ENCFF147JYO,ENCLB076PZS,ENCSR913SEI,0.9339456214961142
ENCFF022VOO,ENCLB780IBS,ENCSR525VXD,0.9266912242020091
ENCFF170ISH,ENCLB780IBS,ENCSR525VXD,0.9273134806305181
ENCFF465HJK,ENCLB780IBS,ENCSR525VXD,0.1409310947523063
ENCFF559JAO,ENCLB942MWV,ENCSR525VXD,0.9190768797061927
ENCFF811CNJ,ENCLB942MWV,ENCSR525VXD,0.9363432906620073
ENCFF020MRD,ENCLB942MWV,ENCSR525VXD,0.9177356894048725
ENCFF166QOT,ENCLB942MWV,ENCSR525VXD,0.9361328130019222
ENCFF453VVQ,ENCLB942MWV,ENCSR525VXD,0.9363941377880137
ENCFF057RII,ENCLB942MWV,ENCSR525VXD,0.9355087945661302
ENCFF796GTV,ENCLB352PYX,ENCSR611JJS,0.9397173602299428
ENCFF001HSX,ENCLB515XGC,ENCSR000DVQ,0.933568533819803
ENCFF001HSW,ENCLB549LSD,ENCSR000DVQ,0.9378769355810972
ENCFF997QLK,ENCLB124RNN,ENCSR908TBJ,0.9326960937026516
ENCFF171KLG,ENCLB124RNN,ENCSR908TBJ,0.9364963408624463
ENCFF327KSM,ENCLB124RNN,ENCSR908TBJ,0.9348957819833125
ENCFF250FJK,ENCLB124RNN,ENCSR908TBJ,0.9307809450913607
ENCFF213MUJ,ENCLB531VTT,ENCSR908TBJ,0.13744069396368583
ENCFF726CBI,ENCLB531VTT,ENCSR908TBJ,0.9285902753607405
ENCFF291EWD,ENCLB531VTT,ENCSR908TBJ,0.9268289344428565
ENCFF498MFC,ENCLB531VTT,ENCSR908TBJ,0.9285883516370947
ENCFF969JUM,ENCLB027QSH,ENCSR347MXL,0.9456893670052605
ENCFF289HKV,ENCLB027QSH,ENCSR347MXL,0.9487531783523703
ENCFF602RXP,ENCLB027QSH,ENCSR347MXL,0.9479196498580988
ENCFF464UFA,ENCLB027QSH,ENCSR347MXL,0.9445234122005
ENCFF200GNH,ENCLB239NSO,ENCSR347MXL,0.9473958432834251
ENCFF143DED,ENCLB239NSO,ENCSR347MXL,0.9460710535486476
ENCFF620JWE,ENCLB239NSO,ENCSR347MXL,0.9534425400508998
ENCFF308WOO,ENCLB239NSO,ENCSR347MXL,0.947036691285577
ENCFF001GZJ,ENCLB621LGQ,ENCSR000DQD,0.9449111893747507
ENCFF001GZI,ENCLB433FCU,ENCSR000DQD,0.9198249773711835
ENCFF000SAB,ENCLB138BUC,ENCSR000DMS,0.7496261707159709
ENCFF000SAD,ENCLB454PNG,ENCSR000DMS,0.7196669922775062
ENCFF639VGN,ENCLB615CTY,ENCSR837OOH,0.9347512260287603
ENCFF198ZKY,ENCLB615CTY,ENCSR837OOH,0.9320040861887455
ENCFF111DVD,ENCLB615CTY,ENCSR837OOH,0.9368407694424312
ENCFF725PFO,ENCLB615CTY,ENCSR837OOH,0.9308827276747424
ENCFF551TPM,ENCLB160SFE,ENCSR837OOH,0.9358506942110604
ENCFF931UOY,ENCLB160SFE,ENCSR837OOH,0.9379023670253755
ENCFF191YLE,ENCLB160SFE,ENCSR837OOH,0.9423405184322367
ENCFF566HGE,ENCLB160SFE,ENCSR837OOH,0.9373291127384322
ENCFF435DNT,ENCLB154VZQ,ENCSR162KZY,0.929046637897154
ENCFF021GJE,ENCLB154VZQ,ENCSR162KZY,0.9278949179277732
ENCFF701WZE,ENCLB154VZQ,ENCSR162KZY,0.9265454367666279
ENCFF197MJW,ENCLB154VZQ,ENCSR162KZY,0.9282786504055779
ENCFF278JEO,ENCLB055BIF,ENCSR162KZY,0.9313874657167874
ENCFF892PTF,ENCLB055BIF,ENCSR162KZY,0.9286243784550967
ENCFF504EHB,ENCLB055BIF,ENCSR162KZY,0.9320893668338932
ENCFF047VHU,ENCLB055BIF,ENCSR162KZY,0.9256412298136089
ENCFF777QSB,ENCLB535CMU,ENCSR162KZY,0.9179484875308596
ENCFF893PQO,ENCLB535CMU,ENCSR162KZY,0.9133287639578963
ENCFF023DJQ,ENCLB535CMU,ENCSR162KZY,0.9113749298159571
ENCFF763QZI,ENCLB535CMU,ENCSR162KZY,0.9114233725797208
ENCFF000RWK,ENCLB332KGO,ENCSR000DMA,0.9483341154680239
ENCFF000RWH,ENCLB328HIA,ENCSR000DMA,0.953675967207148
ENCFF000RWO,ENCLB073QIA,ENCSR000DMA,0.9607757479496788
ENCFF588YQA,ENCLB877HLO,ENCSR033KMZ,0.9293896477834512
ENCFF977WWR,ENCLB409QHE,ENCSR224WWI,0.9313481730580502
ENCFF586JPT,ENCLB409QHE,ENCSR224WWI,0.9314850197066478
ENCFF740WYA,ENCLB382ZFI,ENCSR467EQP,0.7679353579362325
ENCFF542BCE,ENCLB382ZFI,ENCSR467EQP,0.024865522433115857
ENCFF962CWN,ENCLB382ZFI,ENCSR467EQP,-0.48910247588033334
ENCFF352RMA,ENCLB382ZFI,ENCSR467EQP,-0.28684050824730817
ENCFF813TPF,ENCLB382ZFI,ENCSR467EQP,-0.232462492518588
ENCFF642HDU,ENCLB382ZFI,ENCSR467EQP,0.6430648111736456
ENCFF313RQO,ENCLB382ZFI,ENCSR467EQP,-0.48934036201858055
ENCFF257TFA,ENCLB382ZFI,ENCSR467EQP,-0.14559005409532558
ENCFF134XRJ,ENCLB507QDF,ENCSR467EQP,-0.032241561562240575
ENCFF751YAT,ENCLB507QDF,ENCSR467EQP,-0.2989552190681115
ENCFF822WPH,ENCLB507QDF,ENCSR467EQP,0.6717522189970093
ENCFF768UJC,ENCLB507QDF,ENCSR467EQP,-0.19474707456474488
ENCFF023GNX,ENCLB936ASB,ENCSR467EQP,0.8138180720866283
ENCFF516YQX,ENCLB936ASB,ENCSR467EQP,0.73930622016367
ENCFF104JZM,ENCLB936ASB,ENCSR467EQP,0.7101023482752715
ENCFF280KNS,ENCLB936ASB,ENCSR467EQP,0.7713976379129471
ENCFF976ZIF,ENCLB311OMC,ENCSR194WQV,0.940292093862229
ENCFF725MWS,ENCLB859KFG,ENCSR194WQV,0.9372129190007035
ENCFF907KJX,ENCLB859KFG,ENCSR194WQV,0.9383976540159847
ENCFF865IZZ,ENCLB859KFG,ENCSR194WQV,0.9381640809083772
ENCFF002AUH,ENCLB387MYL,ENCSR084RDK,0.9392631539523544
ENCFF000BNU,ENCLB695AAG,ENCSR000ANS,0.9504337209698194
ENCFF000BNS,ENCLB695AAH,ENCSR000ANS,0.9446544172518903
ENCFF547TAL,ENCLB996UDZ,ENCSR839NFL,0.946705477260771
ENCFF858TBJ,ENCLB996UDZ,ENCSR839NFL,0.9452614648795349
ENCFF823QZK,ENCLB996UDZ,ENCSR839NFL,0.9461174525979312
ENCFF245GHA,ENCLB222TQK,ENCSR839NFL,0.9473790881312406
ENCFF407BEU,ENCLB222TQK,ENCSR839NFL,0.9480581654471334
ENCFF324VEZ,ENCLB222TQK,ENCSR839NFL,0.9448540356664857
ENCFF981ICG,ENCLB753PDZ,ENCSR549TXG,0.9111634969260396
ENCFF625BUW,ENCLB753PDZ,ENCSR549TXG,0.9119973783937192
ENCFF039YFY,ENCLB753PDZ,ENCSR549TXG,0.9121773896426856
ENCFF543ETE,ENCLB961SVS,ENCSR799GJD,0.944854070770849
ENCFF759NTB,ENCLB961SVS,ENCSR799GJD,0.9446924367039737
ENCFF017APN,ENCLB961SVS,ENCSR799GJD,0.9457707833988788
ENCFF302YPZ,ENCLB961SVS,ENCSR799GJD,0.9452685523259425
ENCFF072QMD,ENCLB838QVH,ENCSR799GJD,0.9507522802822658
ENCFF446SXJ,ENCLB578WJW,ENCSR799GJD,0.9478422342408402
ENCFF277WCG,ENCLB578WJW,ENCSR799GJD,0.9473107829855814
ENCFF837ZOM,ENCLB578WJW,ENCSR799GJD,0.948055612691735
ENCFF834MVO,ENCLB464ISA,ENCSR799GJD,0.7527996342799876
ENCFF180JVX,ENCLB464ISA,ENCSR799GJD,0.7927703764273584
ENCFF466EUK,ENCLB561HXX,ENCSR287UXS,0.9493666808196457
ENCFF296AYY,ENCLB473MNX,ENCSR287UXS,0.9295330385863063
ENCFF702HZX,ENCLB503OVA,ENCSR401KRN,0.935055429259872
ENCFF964LKA,ENCLB503OVA,ENCSR401KRN,0.7903438673016848
ENCFF120SZF,ENCLB057WHT,ENCSR565HBN,0.9289976423855172
ENCFF554ZHB,ENCLB057WHT,ENCSR565HBN,0.9289985665409686
ENCFF126NNH,ENCLB057WHT,ENCSR565HBN,0.9263506893206859
ENCFF918BBW,ENCLB057WHT,ENCSR565HBN,0.9258088052442718
ENCFF099PWC,ENCLB321ILR,ENCSR565HBN,0.25171811341934835
ENCFF739BGG,ENCLB321ILR,ENCSR565HBN,0.9345178719381001
ENCFF116AIK,ENCLB321ILR,ENCSR565HBN,0.937569343208682
ENCFF426WAU,ENCLB321ILR,ENCSR565HBN,0.9389693835125661
ENCFF669MGE,ENCLB187TIB,ENCSR689LFJ,0.8956815077424765
ENCFF585EED,ENCLB187TIB,ENCSR689LFJ,0.8977127541965711
ENCFF926XXC,ENCLB187TIB,ENCSR689LFJ,0.901636071219652
ENCFF834UNL,ENCLB614XRB,ENCSR689LFJ,0.8961423214704618
ENCFF914BEE,ENCLB614XRB,ENCSR689LFJ,0.8993618060865894
ENCFF121UPD,ENCLB614XRB,ENCSR689LFJ,0.8982490945436244
ENCFF002EWZ,ENCLB531NQK,ENCSR254YRM,0.9379261784711681
ENCFF002EXB,ENCLB761UMI,ENCSR254YRM,0.9421241333494248
ENCFF661QVC,ENCLB115ISM,ENCSR443WKD,0.9282188383689755
ENCFF800ENC,ENCLB706UTK,ENCSR799TJD,0.9084895935298276
ENCFF975FDC,ENCLB706UTK,ENCSR799TJD,0.9093704029315026
ENCFF256WLC,ENCLB327NNR,ENCSR799TJD,0.7086761439080285
ENCFF401LZJ,ENCLB327NNR,ENCSR799TJD,0.7170090337991981
ENCFF283XBG,ENCLB364XUS,ENCSR841XDW,0.9080733234609931
ENCFF502NPD,ENCLB364XUS,ENCSR841XDW,0.9098812129428882
ENCFF908LXH,ENCLB941MAE,ENCSR841XDW,0.904668970144238
ENCFF072PWA,ENCLB941MAE,ENCSR841XDW,0.9026548350546157
ENCFF071ZXK,ENCLB941MAE,ENCSR841XDW,0.9079547666875081
ENCFF147SIN,ENCLB941MAE,ENCSR841XDW,0.9043592589528435
ENCFF699NKP,ENCLB027SSZ,ENCSR841XDW,0.8969231716391216
ENCFF140TJA,ENCLB027SSZ,ENCSR841XDW,0.9000483545932997
ENCFF614FOX,ENCLB027SSZ,ENCSR841XDW,0.8985942672556352
ENCFF590NIS,ENCLB027SSZ,ENCSR841XDW,0.8967844492848042
ENCFF281WWC,ENCLB027SSZ,ENCSR841XDW,0.9050595939917694
ENCFF743RHZ,ENCLB027SSZ,ENCSR841XDW,0.9083274801040051
ENCFF998BUR,ENCLB027SSZ,ENCSR841XDW,0.9062221004072338
ENCFF930EAO,ENCLB027SSZ,ENCSR841XDW,0.9118954224708061
ENCFF637CRR,ENCLB027SSZ,ENCSR841XDW,0.8962778535809741
ENCFF958UKQ,ENCLB027SSZ,ENCSR841XDW,0.8989417724184763
ENCFF686FRT,ENCLB027SSZ,ENCSR841XDW,0.899549101474017
ENCFF761VOE,ENCLB027SSZ,ENCSR841XDW,0.8994752025227515
ENCFF184QSY,ENCLB054ZDQ,ENCSR610UDC,0.9044109831247034
ENCFF553MOX,ENCLB054ZDQ,ENCSR610UDC,0.7627226157458228
ENCFF018AXD,ENCLB054ZDQ,ENCSR610UDC,0.7189017176638123
ENCFF642ZCT,ENCLB374FPQ,ENCSR610UDC,0.9155107871370292
ENCFF106QDC,ENCLB374FPQ,ENCSR610UDC,0.9184888582643741
ENCFF014POW,ENCLB374FPQ,ENCSR610UDC,0.9181029285313884
ENCFF850AZU,ENCLB374FPQ,ENCSR610UDC,0.9176753792252966
ENCFF700IXE,ENCLB012YRT,ENCSR266ZUX,0.7016545377041631
ENCFF596XFL,ENCLB012YRT,ENCSR266ZUX,0.7405763928355271
ENCFF392YXT,ENCLB793BGL,ENCSR266ZUX,0.7053329998097025
ENCFF304UWQ,ENCLB793BGL,ENCSR266ZUX,0.7588314349191743
ENCFF044OKM,ENCLB793BGL,ENCSR266ZUX,0.25472464589743
ENCFF000AHP,ENCLB695AKP,ENCSR000AUE,0.9399672994612095
ENCFF000AHR,ENCLB695AKO,ENCSR000AUE,0.9567623422137028
ENCFF021CAH,ENCLB524RUQ,ENCSR614HHL,0.9120270581682572
ENCFF192GLP,ENCLB524RUQ,ENCSR614HHL,0.9098258950786413
ENCFF874VBS,ENCLB101ECY,ENCSR614HHL,0.4841256062894085
ENCFF131OZV,ENCLB101ECY,ENCSR614HHL,-0.04769716467447156
ENCFF000BED,ENCLB695AAZ,ENCSR000AMA,0.9250929225917832
ENCFF000BEI,ENCLB695ABA,ENCSR000AMA,0.9575735982827445
ENCFF000ARV,ENCLB695ADM,ENCSR000AKB,0.9476881357052922
ENCFF434PKP,ENCLB713FSN,ENCSR687APM,-0.03571029131150859
ENCFF570GDA,ENCLB713FSN,ENCSR687APM,-0.0445325059293839
ENCFF228QKH,ENCLB713FSN,ENCSR687APM,0.0052355162582602855
ENCFF381XJY,ENCLB713FSN,ENCSR687APM,-0.008360866791906897
ENCFF677KOM,ENCLB894NFF,ENCSR687APM,-0.0228140053296441
ENCFF267CVI,ENCLB894NFF,ENCSR687APM,-0.008100666286431238
ENCFF644KBZ,ENCLB894NFF,ENCSR687APM,0.0002618274873419566
ENCFF104RVR,ENCLB894NFF,ENCSR687APM,0.025200903749042176
ENCFF078KRC,ENCLB032MQG,ENCSR385CDF,0.1719470840084608
ENCFF679VJJ,ENCLB707IVN,ENCSR385CDF,0.16928050106767975
ENCFF282QIK,ENCLB707IVN,ENCSR385CDF,0.1781487748311327
ENCFF355ZNL,ENCLB707IVN,ENCSR385CDF,0.17614601792678955
ENCFF989TFU,ENCLB707IVN,ENCSR385CDF,0.17737882392684257
ENCFF000AHW,ENCLB695AJF,ENCSR000AUF,0.9247068507017592
ENCFF023UBQ,ENCLB283HTX,ENCSR138FTN,0.9483332499567179
ENCFF056DUI,ENCLB283HTX,ENCSR138FTN,0.9464864716862297
ENCFF164BHA,ENCLB283HTX,ENCSR138FTN,0.9463178426055434
ENCFF913JQJ,ENCLB249MVY,ENCSR138FTN,0.9419419012577602
ENCFF565GRJ,ENCLB249MVY,ENCSR138FTN,0.9444780402012679
ENCFF132YVP,ENCLB249MVY,ENCSR138FTN,0.9443139486183789
ENCFF406WBD,ENCLB249MVY,ENCSR138FTN,0.9454612462710804
ENCFF000RXE,ENCLB141DZT,ENCSR000DMC,0.9153990431878299
ENCFF000RXM,ENCLB358OSR,ENCSR000DMC,0.9470421202342553
ENCFF000RXV,ENCLB189BJC,ENCSR000DMC,0.9429749375337002
ENCFF529JLE,ENCLB199ZZA,ENCSR253ALG,0.935260990125912
ENCFF164EWM,ENCLB199ZZA,ENCSR253ALG,0.26159485403092414
ENCFF858EFF,ENCLB199ZZA,ENCSR253ALG,0.9306980851932001
ENCFF197MJM,ENCLB199ZZA,ENCSR253ALG,0.9378204220134443
ENCFF935HGS,ENCLB127UCS,ENCSR253ALG,0.08325220696342546
ENCFF994AAR,ENCLB127UCS,ENCSR253ALG,-0.03577495294898371
ENCFF694BHO,ENCLB127UCS,ENCSR253ALG,0.07789626110513248
ENCFF289SSV,ENCLB127UCS,ENCSR253ALG,0.6938472415657885
ENCFF001HVQ,ENCLB893KHA,ENCSR000DWX,0.951997472499293
ENCFF001HVN,ENCLB563VHF,ENCSR000DWX,0.9209508206841094
ENCFF984HWD,ENCLB988QSD,ENCSR414CQB,0.9398742527068736
ENCFF456HVM,ENCLB558LYR,ENCSR414CQB,0.9486048094717303
ENCFF065IWX,ENCLB884PHB,ENCSR288YJL,0.13725642822903458
ENCFF349ZTH,ENCLB884PHB,ENCSR288YJL,0.14096122598374775
ENCFF812GHF,ENCLB884PHB,ENCSR288YJL,0.143558535584097
ENCFF477JMR,ENCLB884PHB,ENCSR288YJL,0.14560894990935971
ENCFF426XQS,ENCLB167UVT,ENCSR288YJL,0.14278380596219822
ENCFF814UXI,ENCLB167UVT,ENCSR288YJL,0.9334378214972435
ENCFF918THZ,ENCLB167UVT,ENCSR288YJL,0.9300919841409492
ENCFF147JNF,ENCLB167UVT,ENCSR288YJL,0.9302083240699119
ENCFF295TDU,ENCLB975UHV,ENCSR244KEW,0.9087826663035249
ENCFF229LFS,ENCLB975UHV,ENCSR244KEW,0.9033521109118745
ENCFF461NZK,ENCLB975UHV,ENCSR244KEW,0.9060631253749825
ENCFF944QJI,ENCLB975UHV,ENCSR244KEW,0.9037236907599183
ENCFF968VWG,ENCLB644ORI,ENCSR244KEW,0.9083819055852054
ENCFF734ZEP,ENCLB644ORI,ENCSR244KEW,0.905524578661461
ENCFF154HTJ,ENCLB644ORI,ENCSR244KEW,0.9080864560214453
ENCFF260DXZ,ENCLB644ORI,ENCSR244KEW,0.9053547880159303
ENCFF817QJC,ENCLB586MBJ,ENCSR185CCV,0.9179908605162408
ENCFF488UPD,ENCLB586MBJ,ENCSR185CCV,0.9147243976422477
ENCFF510IXZ,ENCLB953WBV,ENCSR185CCV,0.9175381475534685
ENCFF574BUD,ENCLB953WBV,ENCSR185CCV,0.9198418287141602
ENCFF752EVM,ENCLB063SGX,ENCSR072EUE,-0.2048600959862632
ENCFF002AUR,ENCLB202LHA,ENCSR072EUE,0.9605806131181559
ENCFF320OAN,ENCLB202LHA,ENCSR072EUE,0.9616227224258227
ENCFF263HKF,ENCLB202LHA,ENCSR072EUE,0.9636179190935426
ENCFF001HHL,ENCLB963RNJ,ENCSR000DRU,0.9234335841949396
ENCFF001HHM,ENCLB720FZY,ENCSR000DRU,0.93265555398958
ENCFF345KQX,ENCLB742VES,ENCSR240PRQ,0.9271918641884566
ENCFF508FCI,ENCLB670RPO,ENCSR240PRQ,0.9486004996592965
ENCFF992LSY,ENCLB670RPO,ENCSR240PRQ,0.9462477680126612
ENCFF001HYT,ENCLB682ZLE,ENCSR000DYB,0.8459981759060433
ENCFF001HYS,ENCLB462WBW,ENCSR000DYB,0.936352130949111
ENCFF441PFC,ENCLB004NHE,ENCSR190BZA,0.3013365077771298
ENCFF917XSW,ENCLB004NHE,ENCSR190BZA,0.927222554212919
ENCFF093KXB,ENCLB004NHE,ENCSR190BZA,0.22850660121266944
ENCFF025HXR,ENCLB004NHE,ENCSR190BZA,0.9380986750368235
ENCFF810CVB,ENCLB488BSX,ENCSR190BZA,0.9204177635890535
ENCFF823IWF,ENCLB488BSX,ENCSR190BZA,0.9226121849937751
ENCFF015TVL,ENCLB488BSX,ENCSR190BZA,0.9236690168929277
ENCFF264GKU,ENCLB488BSX,ENCSR190BZA,0.9219372708040896
ENCFF982RFB,ENCLB984XHU,ENCSR190BZA,0.9274928470641164
ENCFF958XJO,ENCLB984XHU,ENCSR190BZA,0.9299832890191362
ENCFF971IXY,ENCLB583DVZ,ENCSR190BZA,0.9227286030714682
ENCFF431IUN,ENCLB583DVZ,ENCSR190BZA,0.9227547431118336
ENCFF309ATQ,ENCLB583DVZ,ENCSR190BZA,0.9225573984457044
ENCFF907WDK,ENCLB583DVZ,ENCSR190BZA,0.9220892849335852
ENCFF725KJG,ENCLB596MZR,ENCSR881YFU,0.9354188556876408
ENCFF543TES,ENCLB189ACH,ENCSR881YFU,0.9312979218885526
ENCFF081DAT,ENCLB189ACH,ENCSR881YFU,0.9265093453281202
ENCFF802PCX,ENCLB629IIC,ENCSR778NDP,0.9258576249369012
ENCFF450FCI,ENCLB629IIC,ENCSR778NDP,0.9254767842871524
ENCFF131CDD,ENCLB629IIC,ENCSR778NDP,0.9247610013309141
ENCFF490HTM,ENCLB629IIC,ENCSR778NDP,0.926251469482462
ENCFF794UVI,ENCLB909DVO,ENCSR778NDP,0.9211173922733861
ENCFF816LBX,ENCLB909DVO,ENCSR778NDP,0.2657013451714161
ENCFF773YML,ENCLB384PMQ,ENCSR266UTR,0.11975045577972575
ENCFF672CIG,ENCLB859TMK,ENCSR266UTR,0.003657438434736791
ENCFF000YCK,ENCLB209AFD,ENCSR000EFI,0.9428265763778142
ENCFF263QTH,ENCLB485XVH,ENCSR594NSU,0.8974901323387708
ENCFF691QDF,ENCLB485XVH,ENCSR594NSU,0.896117406022719
ENCFF583KXV,ENCLB636SOA,ENCSR594NSU,0.8961873449488618
ENCFF423IPK,ENCLB636SOA,ENCSR594NSU,0.8926817137033229
ENCFF177RCB,ENCLB062KAV,ENCSR249JOH,0.9422399780422274
ENCFF566BZO,ENCLB372HCM,ENCSR249JOH,0.939292681147471
ENCFF339MJW,ENCLB002KVA,ENCSR249JOH,0.920384803658822
ENCFF001HLI,ENCLB567SLB,ENCSR000DTL,0.9410444261968993
ENCFF001HLG,ENCLB109CTN,ENCSR000DTL,0.8868476254701145
ENCFF001HBD,ENCLB276QET,ENCSR000DQW,0.957096960030329
ENCFF001HBC,ENCLB605YRS,ENCSR000DQW,0.9499782907872709
ENCFF000ROZ,ENCLB278ICC,ENCSR000DKV,0.9502967558747235
ENCFF000ROX,ENCLB490ZQH,ENCSR000DKV,0.9428964339764848
ENCFF000ROU,ENCLB515LID,ENCSR000DKV,0.9461706983789954
ENCFF000ZQL,ENCLB209ATT,ENCSR000EIC,0.9442495871209166
ENCFF000ZQI,ENCLB209AGL,ENCSR000EIC,0.945595315387342
ENCFF078BXU,ENCLB869CCK,ENCSR116AKQ,0.93546627907414
ENCFF219JSV,ENCLB869CCK,ENCSR116AKQ,0.9320257888875682
ENCFF502LRX,ENCLB869CCK,ENCSR116AKQ,0.9344095940716267
ENCFF106ARU,ENCLB869CCK,ENCSR116AKQ,0.9341127801553011
ENCFF924JFB,ENCLB852KWC,ENCSR116AKQ,0.9374330224848701
ENCFF147NGP,ENCLB852KWC,ENCSR116AKQ,0.9386114992077584
ENCFF994LBW,ENCLB852KWC,ENCSR116AKQ,0.9324099901836921
ENCFF618TNV,ENCLB852KWC,ENCSR116AKQ,0.937596296866314
ENCFF218VPA,ENCLB560LOW,ENCSR116AKQ,0.8886641653182882
ENCFF462BME,ENCLB560LOW,ENCSR116AKQ,0.892587302597738
ENCFF338IJH,ENCLB560LOW,ENCSR116AKQ,0.8788794415636912
ENCFF247TPL,ENCLB560LOW,ENCSR116AKQ,0.8984509451171754
ENCFF563OET,ENCLB892YJB,ENCSR763VUL,0.887121535213571
ENCFF687WNV,ENCLB892YJB,ENCSR763VUL,0.886300535502555
ENCFF447UFX,ENCLB892YJB,ENCSR763VUL,0.8864275813561363
ENCFF292KHE,ENCLB803YRW,ENCSR763VUL,0.8920273475619502
ENCFF560PYO,ENCLB803YRW,ENCSR763VUL,0.8902256943449873
ENCFF118JAZ,ENCLB803YRW,ENCSR763VUL,0.28448697516198734
ENCFF413YTU,ENCLB803YRW,ENCSR763VUL,0.888650071122232
ENCFF000SEB,ENCLB698YST,ENCSR000DNI,0.9103887730786192
ENCFF000SEC,ENCLB266XAI,ENCSR000DNI,0.9063318549406431
ENCFF803JCV,ENCLB754DNY,ENCSR423ZUM,0.9050037275427939
ENCFF766KXY,ENCLB754DNY,ENCSR423ZUM,0.9063127336454277
ENCFF580YAB,ENCLB754DNY,ENCSR423ZUM,0.9044884561834186
ENCFF528KYU,ENCLB920XJF,ENCSR423ZUM,0.902185439090056
ENCFF941IAT,ENCLB920XJF,ENCSR423ZUM,0.9037854229826886
ENCFF393RDJ,ENCLB920XJF,ENCSR423ZUM,0.9019025405029844
ENCFF000RMC,ENCLB331DVU,ENCSR000DNA,0.9489926609673197
ENCFF000RMB,ENCLB217VKC,ENCSR000DNA,0.9511405587339566
